,Price
3136,6582
6557,8586
951,5277
4111,13344
5171,14300
9095,5583
580,7229
9768,8792
4913,8147
9992,6077
1541,3943
6109,4668
8212,16263
9623,7708
6878,3873
3598,13227
4245,15812
664,3383
3323,6794
4777,4804
3092,14714
5726,7295
7971,10231
5075,13469
973,6627
10301,10262
4489,8529
8622,14069
2330,4823
9313,10844
6971,9564
8701,5674
9422,17266
1708,12819
5021,13587
8315,9237
9901,4282
2479,8610
4104,3419
4941,11038
380,15603
314,7295
5761,9564
6230,4668
4109,10278
3098,5281
1165,5678
7697,8372
5693,3850
6266,10262
2857,9678
6278,2754
1949,6356
8411,5228
5294,4441
7886,11150
8760,4319
1929,12898
6027,8033
2347,12717
10317,2754
1269,3540
1627,7452
1674,7303
7412,3100
8261,4409
10105,12121
2839,14781
2153,15554
1583,9663
8429,12242
8644,3597
3192,7229
3744,14533
74,6893
9495,6961
9055,22798
6335,9646
8746,12121
6962,13759
2414,16914
89,10703
9449,12692
5182,8425
2511,9555
2202,7662
5277,7787
9610,11349
7986,10262
5558,5221
6804,13067
3135,7648
3281,3898
10115,6860
6285,12452
1719,3332
6208,6717
4987,7229
7908,10262
6071,7480
4249,6104
3353,10308
4138,5406
846,13882
8063,8224
3346,8143
6592,5613
6927,13029
7027,8016
4338,14151
1992,1965
746,14871
1841,5601
9586,10368
7182,5281
2902,11753
3660,7480
8012,9359
1665,12346
6541,10844
4547,12537
4387,10262
8926,7317
8958,12524
4143,4282
2689,5000
2631,15078
6847,4050
938,5797
7874,12476
3588,3873
127,14388
8792,5853
5248,2385
166,6092
5003,6540
3159,4423
1816,8016
3810,4668
9396,12814
854,16108
9091,13587
4876,6386
6978,5224
7938,8601
4725,12242
202,5013
5387,18558
9237,4107
10329,14815
9847,5277
5073,11911
3403,5277
3455,11538
9479,15119
999,9663
3122,15129
2341,13587
9286,11848
5159,11936
666,5403
5764,6093
7230,4107
7610,13731
9514,1965
10624,8662
4631,13611
4200,8372
1003,15078
7409,8529
602,10786
1459,4284
6801,10262
5374,3543
10608,8586
7198,12373
1325,4544
2875,14676
7302,9314
2668,11642
1829,11627
173,13587
2681,4995
5150,6094
1902,14388
7099,7174
1632,14237
4796,10844
342,10953
7505,6216
3295,8610
3878,16079
6311,7171
4937,8283
1958,3383
1856,4668
10332,10031
1293,3597
6635,15439
2697,6301
9696,6795
3518,13014
6874,13377
816,6528
7968,8330
8973,14781
10050,14714
10126,4667
1431,5458
8520,14178
2963,3543
8534,4784
4577,6482
3570,11911
7726,5403
1492,11542
5887,6628
6808,10368
10517,3398
10076,3841
9208,10203
9223,8016
9063,10975
2919,9443
7222,5755
2333,7280
7153,6121
6884,10703
570,14151
5466,11543
9528,19329
5396,10975
1635,4823
7036,7202
574,6600
264,12303
6783,11467
2576,12898
3847,6297
5297,10844
4965,8891
18,13381
8166,4744
1171,13882
8157,13292
355,4591
8000,11087
1116,4777
9448,6961
8848,8016
8696,17057
4797,7171
8071,10262
3575,11622
377,6224
4269,13941
5178,17261
1919,9134
8379,14924
7762,11542
4203,14151
4423,8586
4051,4862
4019,14571
7109,13376
5725,7740
3320,6151
9226,4483
6660,7229
2343,10975
2598,5618
1884,5613
5151,16736
2182,11982
9349,5276
7532,10844
4121,3383
1979,5228
974,11507
1148,15129
10400,4823
7862,14781
7375,4268
8741,6805
5847,16079
2261,10394
6077,3873
3613,4591
7839,3815
10302,5964
1077,3807
7425,17198
9163,12192
4726,10262
8005,4860
2707,7408
2282,14231
4815,8938
3034,10577
5369,7608
3327,14343
1291,7575
5036,10539
5954,7064
6064,4823
7394,7229
4597,6674
6545,4823
2094,9718
4305,8820
9698,12373
1280,4851
8233,13587
8076,13067
8735,7931
2,13882
3868,14151
3463,6351
2355,14237
920,3687
8952,12242
5551,9794
3076,8784
8340,13941
3526,4273
2373,13377
8597,10844
8758,10151
10415,4544
9264,4823
5537,15554
1420,3502
1928,3841
8438,9663
10281,14067
2268,14067
4132,12819
5315,11982
10152,4804
6486,9165
1017,7229
6621,3898
3880,10844
9327,15554
681,6027
5605,12373
3444,10203
5550,14388
2714,12524
5183,7229
8124,4148
3049,8586
8540,4778
229,4995
3067,10394
3967,2753
2499,15342
6595,15197
7738,10972
4883,13377
9242,10844
1533,10919
2017,15136
4080,10262
7695,6093
10649,4778
7681,5957
4972,14151
4038,12576
6136,12373
5539,9413
1904,5198
9232,8016
9767,6937
449,7064
5541,7888
10436,10844
1437,16757
7645,9899
3163,12797
5181,4823
7816,6587
8089,6427
6584,3841
6548,16079
261,6722
4933,14571
6055,10958
5189,18192
9070,2017
9575,4226
4914,3841
9113,14781
7279,5430
8970,3873
337,18804
2166,8040
6343,14871
2699,12898
65,5894
2618,54826
3198,7258
5123,4049
3501,16736
6713,5158
7553,12273
3498,10703
8103,6733
9812,15170
1216,5796
7265,4148
8864,4995
8686,3850
8711,12898
3283,10919
358,7754
698,6795
8158,7166
6167,5678
4426,13029
9427,7229
1679,10975
1690,10262
1974,13292
9583,7594
2222,17024
2318,6442
8318,5111
8127,9968
3755,3943
1004,6218
7794,10368
5561,13882
2419,3398
4041,8586
6120,4423
8890,7832
10330,13014
4948,7832
6572,5747
4746,6216
1913,14939
1588,9194
7917,16263
7181,12692
6693,10368
6348,3175
8921,6327
1390,13029
4553,5048
3601,12819
8832,7738
8861,7303
5892,4030
1837,9292
3102,12819
1896,5510
5924,7174
10535,8586
9811,13259
7168,14086
4634,4823
887,9646
10540,12940
5421,9424
1872,4823
1748,4174
10349,2754
254,6587
190,8738
7710,10493
5347,15077
8761,9626
7137,12649
4872,14714
9602,8372
2535,4030
5612,9001
8756,9555
4642,4823
9276,10657
8638,6442
578,14714
7628,12898
5168,8033
2550,13376
8437,5201
7172,13817
4629,3873
4993,16289
5064,13591
2019,12384
7665,10979
5701,25430
7513,6961
10107,8662
5302,3850
9418,11087
6675,8610
6340,3603
446,13381
9041,13727
3493,5069
3240,10198
5072,20800
10141,5618
6412,7229
1186,4804
405,13731
7233,12856
1592,3419
7001,14221
4220,3597
3190,3597
5256,11982
4582,14815
3162,4049
7429,7514
6359,7229
6573,3100
7092,3841
10478,7532
1753,3943
1716,13067
7522,5162
1685,15129
9127,13303
948,14388
5245,15107
5204,4995
9516,6442
10093,4423
5852,13759
2890,4823
9802,13344
6511,7229
5011,2017
5471,3873
3407,3841
3952,7082
5028,3858
2881,10991
3319,12819
7443,7189
6699,7927
8866,4226
5100,8662
5413,10844
8402,4804
4691,6093
5105,6442
5251,6416
8284,3597
1789,8849
1044,14237
2538,10975
1070,8066
2872,2754
9453,7832
4843,4462
678,13067
593,6961
1876,11432
5866,10413
7560,3841
198,4441
10604,4319
759,3943
7108,6961
5280,9345
9407,4319
3384,3175
6108,11003
1367,6148
8246,8991
3309,4423
2244,5586
10583,11789
4999,12384
5904,3849
7714,7038
3223,6628
4592,3100
3764,3749
9965,10262
5128,8098
8349,9564
7191,3943
5320,3543
824,8666
9380,8016
61,5117
5185,17549
1644,6442
9563,3597
10169,10262
142,5636
9520,10842
6705,5769
4363,4622
8070,7229
687,8937
279,5000
9944,4804
9631,8855
1506,3873
6755,13437
9762,3597
9087,9929
3569,3873
1934,9794
7256,15764
10636,14388
2853,10676
9436,10844
6509,7657
9311,17261
2520,11134
10339,10539
7911,11633
1836,7295
4773,4804
1304,4804
1500,9021
3114,5268
1138,6460
6737,7298
7480,1965
7440,14714
390,13292
1847,10031
4151,6442
4323,13376
5130,12284
1094,4778
6346,6752
875,17057
3094,5998
1091,12681
9274,13941
7444,6961
9805,6171
6499,14298
4858,16111
7807,4462
6820,6513
8642,11467
2005,12898
3337,9212
2727,14871
4208,5281
2426,1965
3900,4591
2622,3625
2051,4423
3109,12898
7525,12524
2292,6218
2311,15129
4719,10844
10452,8882
7800,5198
10463,2470
326,12898
748,6979
7945,13626
6179,5999
9942,12778
1809,5601
5691,11071
429,8452
1772,5613
9789,8820
2346,13029
7155,14714
8576,10844
7795,13029
6538,13727
7781,14781
113,17024
9420,14388
8044,4462
9581,16389
4596,10262
939,14237
3204,6643
7301,5228
177,9345
7418,13559
10031,4174
6447,10844
6923,4668
1152,4050
4535,16932
10554,10368
75,7240
4297,8366
7214,5699
8931,4148
4010,19828
6709,4995
1281,6795
4542,9315
3696,4804
3836,13555
8739,3543
170,5177
3259,10844
4947,3943
9006,9314
1515,3210
726,10651
4223,12121
2461,5198
1781,3543
5974,15129
6402,12677
10331,11789
7004,8033
2886,4729
5824,9663
10493,2017
4087,3419
4789,13626
6882,7725
9725,6206
45,3527
5535,13029
6683,8518
10305,3807
5952,7615
7545,7229
4612,12327
1235,3543
5326,13067
5331,9345
2469,12347
8034,12475
6048,14960
2408,6723
9341,8040
2693,35185
3218,5601
9599,5162
4714,14067
6277,14388
7112,13067
1694,4804
4617,14714
3436,11600
7556,10262
7625,8085
4404,9663
2449,10262
2901,8529
3377,5380
7322,9397
7058,4483
7928,12557
5510,16736
7662,4466
2666,13439
2667,4804
8542,10844
1792,14151
2257,14053
2065,7832
7740,10844
1270,15898
1680,4384
8743,7120
9657,10981
1926,3971
9037,5620
1241,14231
7377,26890
7014,15107
159,17024
1301,3100
3179,12410
10266,10368
7428,13007
9060,8073
1407,5054
8928,9663
9569,13081
3070,15129
6281,15129
6661,11249
406,11911
4491,14151
4052,3971
283,10844
2064,8574
1063,16736
6806,7198
4892,4775
9560,9134
1442,14483
544,16092
6764,10976
9250,8907
2156,5073
10198,4778
1163,16289
8489,6857
4372,10262
9591,5198
4995,7618
7623,4823
3663,5224
4739,10413
9737,5899
9377,7408
9009,5678
6881,6144
9962,13759
1827,5000
1249,10844
3508,3175
4160,3873
5595,3873
2026,3342
6328,4148
10637,7229
9608,13029
5281,6442
8420,6945
3086,11622
1322,5462
5585,4282
1535,3873
266,5684
8635,10919
1601,10262
1698,3898
5835,13377
997,10407
4053,7832
4196,10844
519,4423
10606,14781
6677,10972
1642,6442
7057,14871
6143,5935
658,14533
1656,6824
10035,4423
9417,6800
3813,7888
4758,8610
3765,7229
1840,12681
6698,3597
6749,10794
5167,7229
5683,14871
5074,5403
8480,4409
2979,10262
2603,3943
9975,17476
4853,7670
8331,3597
4888,3943
935,11150
6186,13727
1342,14053
7139,11560
5594,4148
2941,5608
1927,17024
6940,13817
1598,15764
4625,16079
224,13014
4521,25735
8188,8140
1028,12898
9150,9134
6210,7192
4026,16704
5893,5198
7266,8586
3386,13377
6664,10262
5586,4995
9092,13611
4303,5201
10552,12384
5757,13377
9325,8040
6961,11241
9504,13243
10067,13014
5316,4049
7079,12347
5880,10262
3305,10262
8168,7591
1810,12351
4243,9536
5878,12324
4690,14431
8822,7229
9093,6628
6591,11269
4906,9134
7255,3175
1302,14781
10470,5224
184,3858
9987,6496
8664,14815
8720,5515
6968,10262
2999,13882
284,4804
8967,10368
1824,22619
4709,5403
4100,7229
2560,12557
6811,8005
1939,8266
8294,5684
8159,10262
5620,8479
8466,9564
892,12415
4963,10844
249,5264
9136,3419
8503,12777
1591,15894
7739,14231
6632,12373
880,12692
10058,12898
995,4409
6166,12718
10510,6113
5908,7408
7126,12284
152,3898
8256,10676
1717,6565
851,8542
9305,10943
6550,2753
6090,8529
6512,13376
4905,15190
9164,12898
1391,6582
9671,3850
6,11087
3825,6673
5109,7110
808,9275
6269,11142
6164,4729
10359,9413
9846,11966
8765,7229
2868,3919
8178,13696
2404,17024
6351,3873
8537,9483
204,10877
7131,8586
732,4649
1638,9663
10027,6151
10471,6147
156,14300
5445,3943
9584,13817
4336,6121
8165,14388
9922,15129
8040,7664
66,5403
1696,4611
7446,10368
9351,8040
4452,15339
7737,5830
1266,12192
2131,10844
8399,5177
1757,3850
280,8529
7537,26890
9507,10262
6013,4439
5164,10151
6099,8266
1354,6575
4370,3943
926,5022
2223,6144
7340,11869
4585,10539
4907,11822
4696,12681
9756,13250
4946,15129
4429,7229
6433,9929
9838,4174
8385,6117
8899,12723
4991,7931
4545,5048
343,15965
4147,11281
4064,5320
818,13542
8565,14388
7420,6526
5093,15764
5807,2437
3987,6216
9931,5510
1228,13377
9283,3419
9644,2050
6762,10188
268,19630
4586,16946
10011,11982
7407,12395
1711,5000
634,5613
10232,3873
6052,13376
10379,13259
2101,3597
9505,5684
4903,12940
6386,7757
6797,6117
7472,16439
2052,15129
10167,2227
5134,11841
81,7229
8626,4804
7307,10262
4118,10703
3697,14388
1154,15129
3404,6206
2205,11378
3213,8016
1637,6961
9475,3210
3219,7317
7734,14848
1524,3597
3735,6478
5228,2754
9066,5228
10531,3100
8511,8792
10090,4632
8889,12935
3082,10112
9558,4878
6128,12395
94,4880
10071,15058
2504,5706
8610,4668
7630,7503
8632,11200
2121,6220
8796,10368
10151,13555
646,8665
8087,9968
796,7229
9186,12121
10249,14781
1227,6938
7799,6795
3547,8405
1788,10844
4427,7064
6105,8529
9252,7160
6140,6383
5084,6781
9932,6216
9750,6388
2880,16373
4841,7229
4324,10197
7668,5613
10479,11432
2263,13727
8047,14714
237,13727
5278,3597
8820,6412
3220,12797
8712,3943
4581,3873
8996,3100
5143,4878
4558,7740
2743,12239
244,4842
154,8586
4498,12592
7219,9794
3608,9187
2309,9134
5587,4804
7332,8372
1316,5192
5484,5530
1759,15554
9367,14424
6371,6628
686,4326
310,10844
2763,4668
631,4804
1405,3383
8830,3841
5676,15129
4399,3257
5499,13014
2004,12295
3224,8033
2856,3943
553,10598
7345,10368
10558,7006
6449,13292
209,15129
6724,3210
6932,6528
670,10262
5630,8330
138,4030
9294,13381
10114,5443
5718,12373
8025,19595
526,12898
1443,11989
9971,3943
2940,6152
7607,9416
3692,12395
740,10844
1557,7530
8285,14714
2493,13029
9866,13339
7078,6121
3788,15434
3768,8040
5518,4804
4703,4804
4564,12009
6302,5192
6129,7858
4086,16289
9293,11668
282,4030
7910,7575
3716,3850
3029,5281
9607,13014
2922,7893
1294,10413
8468,17024
7012,3841
306,9134
9900,8479
8904,8891
9879,9526
8394,4174
1546,13067
1064,6195
10524,8422
4988,12009
10358,11982
3074,3943
9526,10844
1946,2754
8039,5883
3557,7202
7510,6860
8332,4804
6712,17024
488,3597
840,6961
827,13067
8348,17926
10566,4487
386,10262
9153,5073
3767,4823
9279,11474
7571,4990
9800,3873
839,10262
8091,2228
10134,2227
7240,13292
3431,8085
639,4667
10591,14300
6137,11399
5037,6860
5944,17524
6353,7787
143,6442
4485,5761
10467,4668
9603,3419
417,13014
6841,15164
43,3383
4678,15129
7686,11642
5483,10231
9752,5177
5694,13044
10383,26890
7895,10844
2971,7229
4608,4544
5371,12042
9024,16704
8950,11134
3166,6818
8069,10368
3794,8662
1073,7384
6651,6442
7060,9946
2561,9564
10508,13377
9710,10703
7859,4284
10541,12475
5212,11622
1959,11111
2711,14109
7243,14120
9240,11458
247,6979
3668,10441
645,4823
5544,12898
4201,10262
572,7591
8747,2017
10664,4823
4280,5117
1467,14502
911,4174
5997,8099
6583,14151
1519,10877
1659,3943
8006,13442
9621,7242
5567,5510
9287,5683
8129,7740
1399,13753
3869,16108
10245,6383
8170,15025
9109,9555
5750,11087
6594,4668
8531,6582
300,2754
4198,11690
2063,10262
6355,4030
3977,8266
3672,12681
7386,8586
2809,13067
6026,6093
10142,6674
9122,13014
2998,11936
9079,10696
4285,8529
4045,5793
9859,11087
6984,7064
3954,20747
9734,9663
9147,3850
4984,7662
2332,9736
9084,4423
1209,10991
5599,13584
2003,13941
6514,3971
5209,14533
9996,15965
1236,6121
4734,3342
3776,4148
7032,11087
10316,4410
953,6144
10278,10262
9321,12284
2488,14151
2132,2227
1139,9663
6859,4804
716,4326
7376,5769
10255,7229
9353,3543
2130,6015
5573,6653
5488,11701
968,3943
188,4804
2959,3419
1397,8907
6432,3175
313,14871
3837,14571
441,10844
7064,8586
6010,5126
7011,11753
1972,11410
7015,9646
3671,9663
6115,6513
7983,8707
4281,12898
2439,12537
5325,7690
7760,8372
3428,12829
7558,2228
1006,13677
7858,3543
579,4959
9937,9663
8570,10262
3580,11628
8992,12284
2014,14151
3402,8586
71,9134
731,4544
4740,9187
6434,19225
7118,6451
904,12898
5014,16057
9559,14714
1831,3943
1119,3943
10118,4966
3554,4319
9935,3850
6890,3873
3994,15078
5139,13879
3763,14086
755,6442
7511,10407
6107,6480
10388,2017
5602,6284
4749,5277
5935,7695
10236,10262
2195,3809
7500,14781
10320,9424
428,3971
2658,13014
7951,10844
8915,4174
8189,13817
8941,10262
669,4049
87,13014
2314,9187
120,3971
6828,6316
8947,3210
4176,3873
7675,10844
7202,4174
7526,10844
7876,10703
77,4049
8965,14178
3212,7664
1504,4077
3578,4145
5223,3841
5843,13292
6634,10262
7835,4839
4754,10262
3409,6860
2915,13355
1600,7888
6846,6094
299,4878
2669,3419
10382,14178
8491,7791
2716,10441
4299,4878
2796,18492
9375,6093
6286,4226
1657,9443
9974,24017
1129,14714
2761,5228
7555,15136
3148,10697
5559,10368
2054,3100
8288,5277
8478,18797
2212,7917
581,6094
9481,3943
8934,12284
826,26890
10179,10696
3333,10539
5649,15764
78,10262
5650,6253
10065,3943
7406,7870
5920,4437
682,14781
1653,3873
6715,10844
6079,10844
7715,7064
8218,6093
8953,8425
2778,6015
1382,8352
4034,16079
845,13378
8768,5515
7825,4441
10214,9314
2683,4148
1686,7191
9142,1965
8140,3807
1158,5176
6694,10031
3214,3807
8325,12898
4012,25913
2432,7229
10503,3758
5296,7064
378,13349
1451,7318
5125,4049
7105,6117
1812,7575
6823,16736
2938,11087
8763,9564
7606,7870
9576,11532
8475,8452
8322,12192
7652,10844
3369,4050
4561,10844
4675,11160
6972,12819
8580,12383
5266,10262
8273,8085
7528,8309
7173,7229
2767,12242
1944,10703
7654,6938
2234,10262
481,13727
8826,14571
5022,9314
6924,10203
6469,15129
3087,8662
2788,6558
8241,6937
3821,16172
2704,14714
6987,7791
9961,5511
257,5769
2331,2754
2755,14714
8538,10368
490,14069
8275,10975
10567,14571
7577,3898
1237,8075
9356,3543
6707,4226
6629,4591
5409,11602
2662,11071
3928,4878
10663,11733
942,3943
2398,13067
5406,3597
3284,8016
2541,4050
8251,14300
987,14151
4822,14083
8133,13486
4813,12692
6373,6152
5716,3597
2782,12373
1676,19329
10458,14762
7497,13502
396,36983
4699,2017
7063,10844
2155,7198
4925,9345
3632,13014
4869,3573
9101,4804
643,13029
1074,20800
728,10368
2163,2227
5592,11467
7806,15411
9924,11087
9224,11342
5290,4804
5773,7064
5820,15164
8633,3210
8911,5192
6943,6121
4702,12080
2111,6883
7174,3859
8787,11262
1396,5046
7964,8627
8639,3841
9498,10262
751,3573
4117,10366
848,14687
9648,9345
1140,13941
193,8016
9534,9140
2137,12121
6556,6195
6662,16736
2246,8586
6175,4823
2764,4591
2231,12723
3005,7229
10234,10844
8533,8574
5578,7229
471,8669
7547,4049
4785,11948
6642,13587
5758,6985
517,9627
7486,3873
6418,5170
4552,13817
2308,5201
7536,4332
1386,6587
5619,4823
9941,2753
8066,7102
5092,11762
10403,12295
6706,7229
1344,4823
8203,3419
6349,8266
7989,10178
2607,7074
4368,5613
5070,13727
9476,7295
10678,4107
7633,8722
4499,6961
2242,14151
8957,26890
7390,7305
6306,8669
9988,9627
10319,5694
5172,13033
8099,12760
9135,12723
4015,13039
6261,10262
10130,10844
126,13044
5507,12347
4286,8073
9647,13014
3592,8030
5111,4804
1838,13941
8799,6093
2481,12599
6676,7303
1045,13164
5514,3943
1607,12537
9376,11087
9141,4668
8676,4990
3907,14153
10228,11087
5728,8266
1540,6093
6880,3359
2566,6916
1054,18485
6069,8420
7080,5613
5494,5224
629,13941
1895,7485
1450,5406
5179,3311
7479,6145
3194,9794
1589,11789
2486,12373
4447,8888
134,14067
2385,4804
9606,9709
2990,11087
913,12681
42,12373
4174,7240
1131,4148
3359,4409
3437,14151
5056,8907
9749,10262
7275,6327
7778,9663
3627,8542
2912,6961
7572,9103
6229,6628
8299,12384
4241,8016
1468,13817
8245,14388
2583,10844
8856,23001
3263,10262
5895,10082
9100,5883
9044,22270
1388,5510
7487,14781
7855,15407
9857,7670
8602,9653
3577,1965
7343,7268
3120,14571
6044,10262
2078,4544
7136,13014
2640,16704
2779,12692
7452,9870
4549,8040
5985,11087
9570,9314
1900,6146
2555,13584
1423,3841
8982,8266
236,17024
3736,5201
10542,11134
4352,5224
6050,7229
6392,15898
2187,9385
2208,4995
2740,3943
1863,14746
10221,2575
1998,12692
3445,14714
6257,5510
778,10844
7995,5583
10135,4995
5381,2754
7316,2227
6680,6628
9817,6093
3452,6961
3113,5704
4254,15428
5372,62427
5237,8855
7804,5048
4651,14083
10140,8937
479,6297
7614,8879
3065,4409
10219,13882
5626,15129
10189,27992
10229,5964
4505,4804
4444,5228
925,19907
1137,14714
7967,7229
3999,17703
3396,9646
9051,10368
3057,12996
3759,8016
9873,11622
881,15532
1105,8586
8776,10539
10196,6513
207,4878
9052,8040
2870,4273
7978,9345
3854,13067
6319,8586
10087,14151
5841,8534
10348,9925
8784,2227
1518,8372
8257,14781
2962,6316
10343,13555
917,7198
8064,9748
5411,14151
3921,9486
781,13069
5814,13555
1214,4107
2527,8366
1338,4823
4860,6600
7595,19644
4069,3502
6837,2227
1059,3841
741,9663
444,9663
9391,6979
234,6349
3640,12123
4189,6916
1994,4049
2491,4995
8267,14300
2186,11410
4136,13591
3927,8099
5322,4668
6935,8040
10354,12327
5250,8236
4969,4423
9540,4563
4661,13587
7683,7303
10537,17267
10235,6144
2198,9719
3216,8586
9977,6314
8132,4823
10406,12646
7441,12898
5386,11087
7282,7120
9809,12436
5087,9385
8356,12646
10492,10678
172,14676
1182,5224
7325,4823
1922,14571
1212,14960
6795,4030
2466,3687
7460,5694
5435,12898
6866,6542
1485,6111
6979,5228
4396,12009
9265,6528
1853,5678
10634,11733
1978,14151
22,3943
2503,13377
665,11642
9013,14571
495,9663
7612,10783
6249,10844
9011,12898
2850,14714
3742,4804
473,12583
9616,13014
1622,4423
1545,8610
5916,4823
3646,3807
1288,10844
1370,6412
7920,11087
9867,9663
1749,14714
2703,4239
6187,14151
7034,8745
8757,8839
5222,12778
9355,14388
4761,6128
6754,8452
8197,5048
6390,4804
8577,14781
5046,12140
1767,15129
8134,4544
9592,12615
7649,8137
8744,14151
8296,6959
8242,14714
2324,9663
8355,3100
656,12835
6429,10703
1477,4392
2775,4319
2973,16736
9955,14323
3256,13033
7399,8534
6598,10405
8814,10678
147,5117
451,13013
9795,13014
5735,9134
1706,4823
6458,5975
3372,5162
6483,2647
196,12471
8265,12140
4584,14053
685,5842
6415,15129
4936,14848
3202,10262
8762,10623
8697,13014
4589,4544
3536,11753
1673,9899
10385,9001
6574,8996
4096,10368
2559,10844
2307,6152
9959,10929
8863,10844
3110,3480
8303,7832
2161,10231
4113,3597
10269,4462
468,13774
1167,7229
3561,12898
7613,11467
8019,12677
9478,3809
744,4050
6125,4667
9114,5678
4698,13759
8456,6857
3659,5006
8558,8665
515,22096
8887,4332
4910,7006
5556,5618
5243,6860
5918,6095
5579,15400
10623,9483
6316,9555
779,6961
4250,5510
501,2227
2118,15129
3257,26890
6233,12719
2171,10151
4474,9581
8611,8110
397,3597
1850,13381
10168,16108
3973,4423
2952,4804
8445,10844
3492,4332
1582,11841
672,8236
6639,3480
2785,5911
7796,9416
3043,14848
7478,13377
9031,3597
2159,3257
7388,13039
213,7677
2735,10676
4319,6482
5395,10262
9718,13817
8898,11622
5745,26890
8097,18371
9733,7064
2345,7198
7269,12476
9175,5403
3150,9443
9456,4049
10375,10262
9008,13377
460,9736
8634,8040
3479,5620
10449,10031
3011,2759
8552,4414
1755,8016
9042,14388
3478,8610
10091,5073
5856,25735
5879,18387
7162,4804
3375,14151
6417,6296
9562,6093
1030,14483
430,5403
8716,17267
8684,4174
7395,6860
3251,10518
2506,6526
3235,14781
3227,5192
7141,7031
9905,3919
9835,13381
5882,7229
9613,14388
6836,4878
3274,9646
6921,13591
3715,15554
5681,4960
2336,12723
8601,10493
8018,4462
8574,5883
10148,7398
1146,7503
3021,15129
5833,6810
10352,6144
3482,15129
10513,1759
9354,4823
3156,4174
9155,10877
4233,9870
8434,12074
6894,8475
8447,9646
4273,17549
7516,5418
6702,8610
7196,14871
6495,13759
10288,5409
9389,10919
3579,10031
3709,6484
214,6842
1975,3873
9457,9134
10462,5678
7485,14657
4102,4483
2084,6673
9927,3858
9157,14151
6729,14151
5911,4544
4184,5626
663,3597
897,10844
1574,6857
9477,6442
1579,9345
6685,8452
3582,2017
1015,11989
9257,3210
374,2754
8948,9601
10190,4544
443,5013
3253,7276
8821,15339
5972,7575
2768,11185
8217,7229
4932,8040
6056,3858
2117,12681
2947,14848
1445,13067
6580,10909
7688,4823
1029,5678
6789,12327
1528,18371
8137,15129
3411,5963
4516,10188
3634,11134
7774,7191
4544,14231
10387,15544
2284,10913
4823,9345
2671,13033
4511,4145
8700,4332
9907,11654
3392,14231
2489,13843
876,8016
10483,17271
7658,7670
5220,3625
8304,6723
8811,7229
331,6528
1777,4804
6565,11245
7663,3597
6354,9257
2139,12284
9182,17686
5103,8991
6312,14151
9688,5645
2224,13941
3364,8576
8843,2754
8670,16079
2892,12898
9285,3100
7061,6027
6781,6121
6094,10197
7028,4804
6223,6612
10333,13616
5529,3145
4849,5769
8373,13377
8974,15764
243,3543
1677,16289
4331,7662
10180,6982
3068,3858
8976,9564
3984,9412
1855,2754
6502,5678
6951,8907
4989,14151
1323,8382
9262,9069
174,9663
3440,6300
7576,7317
2501,6297
4770,5883
9888,9134
7963,5734
3797,11465
6471,4077
4001,5562
8636,6442
10081,3850
7357,6300
4654,4823
2831,4777
7966,5601
5808,13377
7660,5608
2718,15586
9628,7173
9991,9923
7248,5406
6476,8938
4674,6600
9206,14714
3348,10844
5473,6979
9902,9345
3701,14237
10153,16289
6855,13378
5023,6253
8875,7229
2635,26890
2327,12373
4021,11622
5318,13591
6133,14151
9837,6218
6425,11678
1394,3332
7097,5780
7578,14714
2706,7295
4191,14388
8968,15078
8112,12392
877,4760
186,5775
8734,8529
9363,14781
6893,14571
860,6144
4478,6442
8160,6152
7055,6258
7363,4668
2102,1965
10173,8610
3311,12970
7990,7718
9736,10262
8993,7005
6803,6144
2143,12488
5405,10844
2352,5228
1887,14306
9295,8073
2206,13377
1874,11087
6870,11105
8308,12649
10294,11323
5367,13469
9071,9345
1125,5615
5854,11542
6292,4823
4466,12032
5454,3543
6114,15129
5448,4174
8900,13759
1640,4049
3940,11707
5532,10482
4602,11789
2376,7229
6569,13941
8041,12898
6601,13369
6190,13014
7751,17261
1246,26890
4212,14777
5780,14388
3139,3873
6726,10919
4557,7725
1100,4668
3347,4823
6132,7673
8603,12305
1014,6383
5208,5224
10097,18752
3771,7927
4188,2227
4776,3873
3453,6381
3524,10231
5768,9794
7178,3873
6851,12692
4877,7229
2090,8586
1379,3858
369,6860
1995,8016
5826,14714
4587,7673
9630,5054
3258,4804
5343,13344
4071,4174
5244,6749
6198,5613
7653,10203
10184,2754
6360,7670
3852,6451
7215,15129
7277,10651
5652,12273
6150,7893
8067,13727
4787,6117
1461,16289
7883,4160
1381,7229
8509,6015
5575,4804
4274,1759
583,9794
598,10368
10616,13014
3723,10262
8797,14571
466,5618
10577,13432
2289,7931
5987,9314
1526,10678
3877,11848
3279,4804
2509,10407
6765,10844
1174,14781
9025,3573
5787,5636
9561,4823
10292,4784
6716,4667
5492,4544
3472,9719
10186,6934
6771,2071
6867,5281
4763,15129
1271,9718
8955,3311
4724,4049
8945,10844
8785,10844
7707,13014
6252,8669
6725,9134
1358,5069
4621,12898
9825,3873
6049,13339
8859,10037
5929,3383
6032,3597
1823,10844
9503,4483
3298,14781
7373,12192
7353,4226
6416,13817
739,10844
68,10861
10565,12681
1089,3175
2720,12273
9804,4441
4912,11762
8719,11622
3883,5769
5798,14714
1019,7408
3260,12436
10421,10844
2496,3841
7232,12341
4207,6565
2440,4145
9598,4174
8443,7817
10410,16079
5317,5618
7842,9187
760,14871
2379,6540
8428,2017
8126,12898
9555,12537
7416,7363
9832,6752
6446,10953
5634,13727
10601,15147
9874,11087
3708,3100
7891,4423
9842,10539
5456,10966
1865,3841
8486,14714
535,7757
4560,6565
8817,4544
7073,3419
780,4107
7002,10262
4931,10844
8637,4729
6394,10577
7424,5678
9474,7268
1480,12898
1424,24115
8510,12898
5285,13377
1416,2050
8907,14571
2551,3597
667,14221
2659,6528
4169,8016
5788,1965
5346,6643
4074,13584
10129,11873
9455,11150
2552,7670
10259,13376
3862,11936
105,13029
7127,10262
10394,10262
3732,11622
2884,6752
7515,14300
5335,15603
4437,7171
10545,7229
980,13492
8446,13376
589,9134
9088,8266
600,9211
6350,6722
5242,3898
6209,16736
3983,6251
10040,12373
1460,13941
525,10991
5190,13899
5670,2050
8643,7295
5049,8372
5817,7878
5060,3100
6336,7744
3243,6314
4961,3384
7593,13882
10049,5192
5156,13628
7620,7001
7592,7064
6501,6442
10580,17261
7523,10262
8560,3841
2650,11982
10345,5403
10131,7189
3827,13591
6852,11307
1317,7670
7890,7480
3629,12940
287,10262
9345,8283
1,7662
7227,14714
4656,8040
7257,4784
2604,15129
5945,7888
2180,5198
3590,12507
8235,8366
30,3687
1243,8067
725,4174
7852,4332
4942,8016
271,6513
7054,4668
1842,14960
721,10877
10574,3574
10505,7618
4835,14714
5722,4804
649,4667
1654,27992
6813,12121
2113,5469
946,27992
1362,15129
5969,13941
7996,4823
4364,14714
2087,9314
1080,7229
7712,7228
2283,10919
4786,13376
4,13302
4322,10262
7731,4544
7237,3419
9273,4804
10185,6758
5147,12898
2832,4145
7790,6297
1547,4991
9056,14571
7262,8991
8369,7295
8454,7989
2885,8529
4259,13227
2756,9929
5947,10573
7544,12767
4893,14571
8840,12681
2226,5583
4766,11467
6860,16162
6543,8930
1602,15318
1604,12681
2965,14676
4252,4174
7280,7229
262,4462
6146,10441
10144,10844
4764,7832
6243,13626
6497,4148
8155,11507
1996,10197
2443,6121
2696,2754
3515,10368
2991,3540
10362,15764
1745,6860
7242,9899
7408,8372
3620,13292
1303,12898
9545,10262
5760,14687
10086,10262
810,13848
2558,8099
3477,6121
2765,3943
7754,12819
8978,15764
5582,9264
7029,13941
7239,2575
6072,4030
1844,3342
273,18275
1689,6442
9137,11087
4537,15812
5642,11664
9858,4804
3129,6442
9401,3383
5034,12182
8554,7832
7146,11087
806,10197
8319,10441
962,3100
5871,5912
9542,12898
4379,6493
370,6216
10440,5706
2540,9663
2228,12384
2264,10262
7575,8366
7748,4326
478,7229
10003,5704
7021,7005
8679,6015
2361,13941
6203,4778
5104,5409
4366,2228
10127,6223
8771,3873
6812,7064
8358,3943
7166,6628
9434,4692
2596,14571
9215,8366
7165,7229
6176,12898
8111,12373
5187,4823
5961,10467
5388,16000
5267,4176
720,12604
3058,9929
10651,10678
3591,6152
6100,6144
5385,5678
10068,3625
242,13587
6775,16736
8795,9254
2643,6007
3604,5228
3919,7826
10401,6961
9748,4823
9058,3332
6649,14871
4438,13727
10298,13029
8960,12681
9933,2050
7609,9646
7246,13428
5305,6104
2365,5403
4301,13292
7405,6461
8828,10577
8500,14815
2575,12373
1307,9663
9829,3625
9128,8529
10414,13941
7759,11185
1272,7831
4263,2754
692,11682
8088,8040
5831,14714
5846,6565
9953,12547
6087,7229
4518,7166
1176,6704
9415,4030
3019,9663
540,5699
2500,12224
2738,13587
7020,4804
1514,9585
7808,5678
3728,10368
7208,9535
6523,5021
1457,4591
5458,3807
702,16704
8590,13784
9580,9663
3469,12592
7548,13377
9403,10929
7670,10067
6650,10529
3930,6315
115,10348
955,13941
4236,15532
8098,13587
179,14277
9741,12373
10581,6795
219,12192
767,15129
4459,4823
9841,12692
1830,13731
9425,9930
1471,12192
8870,11507
7884,7670
6959,11467
8805,4544
5998,14594
3958,5298
6289,4282
10612,11087
4234,10262
6362,8452
5095,10919
1069,10441
2924,79512
8640,10441
7931,2753
9102,13383
6695,4491
7098,3841
2413,13587
1333,4441
1409,7408
986,4667
1797,10262
5061,15812
4119,7174
10042,3175
9450,4307
8770,9314
164,5264
9483,13714
1079,11185
1822,13552
638,12898
1219,5298
1699,2754
5661,15077
1693,14388
27,7682
5778,5298
9129,14571
3103,8728
9908,4239
10231,11467
5568,7229
4495,5601
6611,8366
6758,15129
6868,8266
722,4226
7304,14151
1520,10441
454,6818
10459,3625
4267,7740
72,10791
9637,18804
2891,3782
9878,5797
62,12524
1700,6943
5259,4227
8788,10262
4745,10262
6752,3943
6974,12802
309,4174
4321,13759
9166,8479
6288,9646
3180,15129
3339,4282
3777,6496
4526,8040
3664,4384
4927,14657
4007,7725
9382,12760
3417,7514
6944,11642
418,15411
6551,12898
2896,6985
3914,13759
9721,9663
10283,14053
5402,9968
180,10262
1873,8576
10005,9149
7950,11458
2694,4226
8092,5613
522,6752
4897,12074
1464,5192
8030,10844
1709,9663
9081,3971
5035,4990
10598,12373
7871,12032
10679,4145
3556,3841
10030,4995
8239,3858
2926,13677
10037,9663
7831,5192
9726,10877
8264,3807
8672,6795
1585,8529
4166,6114
1327,5158
4308,10539
4006,6416
7119,13014
4578,19595
6976,6300
1289,12192
5403,18260
7167,13502
5641,10262
5041,3419
8877,4823
8439,6094
3264,17024
2660,13292
941,10262
8683,13378
8125,6494
4360,4591
9956,3210
4108,15187
1023,6144
200,10091
6255,8016
10474,13376
9106,13376
9172,5403
10224,8824
3381,13555
9266,22270
10536,11200
4528,7295
118,4668
2906,16079
3169,13727
9567,11789
1571,4647
6863,4409
7135,4632
298,9001
1049,9555
723,5406
10138,5628
5812,12121
2593,14714
10593,5158
2600,4851
8364,6094
3191,13759
6067,4697
6126,8834
344,9968
10525,13797
9813,14781
7864,5769
1041,3100
9508,4823
10336,4990
1466,25735
1859,10262
7120,22794
6430,10844
10465,3419
8462,18804
7927,8151
10237,3383
2007,4483
8834,5883
6103,3100
10620,4174
7608,2175
4235,6513
5696,13801
1484,18804
2608,11542
8677,15554
8816,4174
1414,4030
5715,10203
6673,3943
8323,3943
2978,16736
1675,13817
3566,4886
599,5117
3798,8907
2811,14388
1455,7832
8868,8529
10564,4668
9574,6478
8936,9663
10568,3841
6883,4441
3181,4423
2410,16736
1938,6528
3769,13941
6082,5674
1092,3687
7847,14231
4742,6674
6012,8586
3201,6590
7018,3841
3941,6147
8077,14714
5221,13292
385,3384
6862,5192
5050,8607
3560,12898
368,5162
4503,13587
5044,9254
10024,13873
9687,8016
10156,8601
6505,3419
3675,17057
5982,13591
3713,3625
3606,10151
6930,8759
356,4437
2229,17049
8505,10844
338,5201
691,6093
8902,6494
3555,3573
6909,15135
136,13376
3424,7408
6669,10315
7897,4227
345,4804
4058,13941
6159,4823
189,3383
3457,11552
1086,6674
9668,16736
5188,7258
2203,3850
6776,13941
7527,5092
6834,10090
4030,14300
1487,6121
5238,8372
1497,13663
3817,7952
192,6412
7746,4823
2105,5615
1230,4667
9537,9646
10256,4148
6401,7438
10430,5769
7543,7229
420,6442
969,11552
9730,16079
8516,3383
7809,15764
7916,6961
893,5192
4571,12970
10404,6117
7150,6093
2323,6104
4751,17471
719,12312
6648,10262
7566,9319
551,19828
3730,12488
10569,3873
4115,6673
3154,7064
2823,14781
2276,16057
7268,7064
4604,6094
4637,3873
8290,10539
7410,6857
6063,12373
6093,11622
5905,15078
3714,3919
8654,4668
2403,6117
9329,8452
8032,13292
1712,13366
8927,15129
754,8759
4778,5678
3897,4804
9275,5162
9775,10509
1507,15129
5120,10197
8544,3841
5429,6094
7320,3943
2077,4823
981,5162
4205,12692
10226,6151
2787,7757
7374,15078
3439,17024
4879,13587
7056,16108
6397,4460
8334,3873
5792,10262
5927,4435
7254,16079
8844,8372
6733,4804
7657,9125
4992,12898
5286,9314
1326,14781
1007,8016
9819,5117
5914,16079
2393,4174
6017,3807
3595,8372
5754,3543
4135,7646
10595,6628
9600,10262
3313,3210
6938,5192
2015,6216
3546,3100
2590,3943
4296,2754
2266,7074
8703,11467
1556,7670
6747,5022
1248,8586
7358,13882
9808,6093
2207,10844
8882,15129
6375,9187
4916,12898
10222,3943
10125,5883
1697,5069
9948,6016
3991,11260
7125,4282
5796,13759
6869,10262
38,19225
1663,11134
8775,1965
8003,8662
10367,5678
1279,10844
2450,8098
4591,5406
4060,12009
10064,3971
4755,7185
5781,9443
6438,7005
1743,8016
9413,14714
5122,4990
1945,8510
4603,15164
10630,11134
3626,10844
2399,9103
8791,5706
8465,4377
10529,7229
6657,3383
2893,3841
9225,7594
10680,7229
2553,14410
2265,4823
2400,14151
4894,6205
6231,16863
6643,15554
5391,12819
2217,14871
7919,7740
6043,4423
7915,6992
7810,17024
2010,13555
10416,4145
7270,10262
6504,14151
3325,12723
7791,6144
3292,4332
4156,11707
680,15554
10104,9663
6637,4632
9757,13817
2415,1965
5393,11507
3171,16259
6757,10844
7400,13344
1264,3383
2713,8016
4502,7947
771,3573
7674,7408
5889,4148
6793,6565
9398,12402
1987,9443
2521,8610
10002,10851
4421,13381
9596,8016
4456,3597
7727,15812
5907,5228
8815,9450
4283,4030
6408,4823
226,18799
4079,9653
91,17057
6092,5386
1436,6960
6529,15190
507,3540
5097,11883
3433,4077
9595,2227
784,13292
6376,9187
3366,8016
123,27430
1452,3384
4294,5201
46,3943
545,4392
8651,3850
5943,7268
7648,14388
6485,4239
4663,5899
1357,11654
4178,7199
9,8625
90,9646
5896,9663
1115,5092
10456,20694
1826,4777
4480,4544
9925,5678
9938,9190
4400,9021
7089,3543
231,4460
5940,1965
3229,10844
3215,12698
140,13017
2736,6961
4514,5963
6853,8586
5337,5583
6858,7005
2241,12373
9444,8386
6977,3873
7224,5613
9969,6451
9073,13292
6018,3850
4788,6171
4977,5694
79,3332
5583,13587
4540,10262
6731,5403
7426,16287
587,12446
1430,4804
8846,10810
9192,4823
8884,4804
5746,8016
5202,10678
2982,7081
8362,6147
6790,4049
7582,7155
2454,10919
2532,13377
9625,3597
9609,13937
6690,14781
3745,3873
531,7384
7261,9564
693,7774
5979,8366
8375,13764
325,16079
3481,7005
8578,6297
679,3597
5249,4804
6567,7094
5163,6628
1440,12488
5877,6101
8253,10844
5598,12080
7317,10407
8924,11087
1286,8977
3331,16666
7849,6316
10585,8844
5155,4804
3390,8586
3361,10111
3968,6327
9735,11552
7954,5277
7393,11134
4479,15129
1037,7757
907,5703
1908,14781
2655,3398
6989,5069
5521,8855
9335,4668
7722,4880
4028,14300
2801,4878
8513,3919
5500,4995
853,6711
10265,10231
9626,3841
8341,5201
4458,5277
3328,6795
9030,14086
7678,4435
3447,14781
1340,14781
3630,13374
4750,14300
902,10972
10326,11791
5470,5403
7273,14067
7977,5177
9493,4752
7378,3815
7474,10262
3451,14571
7121,6922
4832,10261
5949,13067
7276,8529
9638,5645
2781,3943
10070,14388
2773,7652
2172,10703
4255,14388
5,3873
8149,8586
7314,4377
1465,14939
10322,12199
7828,7005
4139,14388
4461,3543
7493,6860
4126,16736
9072,9270
9582,10197
7569,7229
4279,12681
9107,6477
5195,6818
2571,12723
4926,10844
4744,11200
7957,13912
3749,2754
3475,10844
3017,3815
7733,4145
3222,14151
8052,10539
6727,4575
362,4668
7717,9663
8759,11432
706,5608
7421,8040
1296,10844
2093,10368
2821,13941
3970,10262
139,17024
4329,7229
575,4966
6427,3919
5656,6386
228,1965
10001,12898
6244,12373
10016,7005
2259,5351
4896,6637
116,12677
6745,12898
5622,14924
7310,11822
6717,5678
1942,17501
10286,10262
4397,8586
790,14687
1150,3597
363,14594
8433,6987
7764,5678
10520,10262
5180,4174
6901,22270
10009,7276
2657,7229
4195,18228
7431,3911
3902,5678
8324,16274
6950,8327
2049,15974
10136,14231
7579,3841
6439,3175
4091,15339
838,15554
9316,6460
5621,8452
404,13381
9094,5601
4414,11732
6068,10844
10588,2227
6039,18485
1083,12819
3385,4832
8708,3597
2812,16704
6746,6628
2834,4729
10464,12284
2663,4174
4949,6860
8146,11913
5052,15554
6700,4174
684,3943
175,13044
7368,13029
4230,4823
862,7155
5078,12452
6835,20845
3387,10262
9796,10844
52,4377
3796,3873
1481,14960
4150,12898
4129,6354
10147,17024
382,4823
1260,4878
2512,12681
5065,5678
3793,9416
3418,16736
8588,4995
2472,4823
2083,2575
7438,3597
6267,4591
508,9345
8726,7480
882,4995
3272,7090
9720,10197
6470,9845
8688,8610
53,3943
10324,7832
1771,14781
6876,3100
9221,10262
9181,10262
503,8372
9509,15554
4446,8601
1828,21954
7632,5054
3978,14714
8154,10262
9617,3943
1499,3383
6184,9663
10257,7268
10102,7801
5978,13067
8891,8586
928,8728
4967,17057
5967,19329
4124,6673
2828,12384
2147,8266
2422,4777
3649,13039
6647,7229
5702,4319
10667,11087
805,10759
3172,4823
8985,9134
4173,6540
5600,6979
1240,3919
8979,14388
2750,8586
7352,12872
9149,3540
6957,4384
10077,13377
7814,5769
8081,6838
10665,4804
6570,7198
435,12373
8876,7064
7164,6068
10640,14053
2679,12373
642,9899
4317,7887
2989,6136
6234,12898
7997,4544
3336,12692
1231,4544
9661,13067
6403,14714
3538,8610
2920,18959
3117,10877
7367,3543
10445,12646
8461,16736
4380,14714
8484,10197
1005,10262
7477,5911
7251,6144
412,12898
4083,4319
3702,5069
2225,3702
6236,7804
10631,6037
1539,6938
10088,5192
7685,6015
7315,5298
1203,13538
6791,3573
1525,8529
8896,7354
1764,4591
3731,9899
6180,10907
1769,8372
7618,10975
3962,10919
8912,21483
3865,6542
6967,10262
7640,9663
8666,13014
403,7631
885,5228
195,3543
1624,7754
4181,10368
9985,10486
3314,4632
2587,3841
6564,14714
4290,4804
2524,3971
8528,3543
1899,8307
775,3540
7163,11281
8351,6795
7987,4460
9973,9181
402,10493
8713,7198
3850,6426
5427,10844
1055,10844
1898,6723
5394,8759
5357,13292
7700,3597
6194,12214
5434,3873
1232,16079
7074,16289
3512,11410
6369,11465
4664,3100
10647,4466
3758,3210
2322,7503
4242,4049
470,13082
8080,24528
6193,6653
1000,9264
7557,10262
7321,18550
2887,7670
523,3543
56,17345
2016,15135
6047,7084
7189,12119
8459,4995
7585,6593
8835,12692
9394,15136
5389,3573
8504,8837
10094,2227
1603,5608
9067,5636
9362,5073
9801,7870
4469,3841
9243,11982
8292,7480
9719,7532
6975,4804
10085,8529
3244,5831
246,10577
3753,2227
9023,6853
8802,8824
176,5073
2032,7038
2160,4804
9277,14781
10578,8669
6130,4804
2759,5704
6766,4488
1819,4823
5939,13067
10098,9663
319,4148
6327,14848
7677,5894
4641,4804
4579,6147
4980,14781
2356,3971
5996,15145
4359,8452
3611,5769
459,6795
3055,4943
8396,13775
9822,6704
7471,10262
4433,10844
4165,7229
1991,6104
3639,7832
2913,9663
9549,9918
791,7229
8669,9646
6006,10539
7518,3543
10475,12488
3461,13587
3916,12717
811,6412
3957,17024
9494,10197
7115,8784
3948,13538
6626,13377
8630,6933
2786,10877
2687,7933
10448,10262
4247,10151
5474,13437
3786,4668
1072,5586
3310,12616
2793,6064
8892,5769
6174,7229
5867,11948
9027,13014
5165,11467
241,10844
3079,8327
5977,15867
7062,10262
10371,7480
2925,3210
7892,4823
10668,21219
10507,14781
3917,4995
3084,10262
2367,14781
2976,10844
7984,10262
5193,15147
1012,4462
8183,5583
1770,8266
2042,3543
9468,11600
9207,7438
4779,12681
9590,12681
4737,13376
9078,4174
6816,10203
8663,6938
1630,4667
3700,31825
4477,11667
6040,13227
5543,6007
9361,7480
9994,8099
998,9315
8354,7927
8177,13377
2616,4319
7030,7006
632,6810
3645,10262
3247,7832
5138,5277
3427,9663
7044,10262
10658,5769
10032,12841
7495,12373
5680,4030
7691,7416
10250,10577
8718,13502
6844,20800
8803,7060
4847,6305
8412,9254
5540,7662
9982,9258
9438,6094
6326,12192
2104,6015
6958,12121
10034,10262
905,6442
2371,7845
7924,5320
3009,4148
4344,16809
5783,7480
4573,4878
9685,8016
4043,7480
2719,7199
1628,13276
10321,10262
7143,10975
2967,13941
5069,10703
4278,9663
2448,10566
10469,3597
4684,14714
9995,2385
9548,5678
9133,5118
9660,13941
4204,4544
822,15129
6510,13547
4532,7064
9755,14231
6653,6442
4264,7618
9373,3543
7601,7832
7770,4668
8243,9134
6956,10844
3476,11522
10178,7408
9183,4174
6981,4441
6036,10262
7824,9187
4550,9736
3090,12373
5963,6300
2230,7006
4401,10262
7905,14781
3189,7832
3834,5775
4237,14714
4262,7757
9195,4545
9634,3919
8321,6297
4649,10441
8627,15129
5542,5192
7259,13014
5886,2175
9656,7229
3537,7832
4525,7468
4365,4823
9512,3383
6615,8327
4919,7229
9159,2754
10203,10262
3826,11150
7188,13759
8424,7202
630,10246
1133,10844
5415,14714
10675,3100
2994,8635
1050,7155
2525,17531
9154,3841
3584,16294
4688,6144
7812,7229
4361,5930
6646,13587
7711,6794
6153,4423
3343,12373
4710,13376
7729,11410
2636,7335
4515,11264
3567,8470
552,3739
9759,12819
10643,7670
5991,4860
6864,7229
6682,14178
614,3873
7939,11319
6196,6860
1815,13470
6991,34273
9920,5684
7758,14960
2572,2227
7651,8479
3553,8938
1534,4148
4398,6144
5643,4591
2899,10678
7050,11360
1502,11992
4215,4804
4004,11264
8104,12192
3164,13067
9777,15532
9333,9863
5534,10478
8653,11467
7484,8907
10559,8372
10366,6630
3137,4668
3712,7280
7129,3943
4523,10262
1191,14151
5646,6121
2637,9412
2557,4544
9554,13062
7025,3850
8983,10944
8055,13759
2921,4784
8118,4777
1537,14871
2092,13292
5898,6297
2935,3419
8893,8040
7820,14571
9652,13377
15,14011
1001,3597
5476,14053
2672,11245
5194,3898
4753,5469
8704,12434
6151,12121
1510,10562
8605,9794
1869,7757
10457,17024
276,2575
6814,8918
5789,12739
1151,9100
3249,4174
536,17261
3073,12692
9038,5000
2057,11316
5976,7480
10212,3543
6942,3597
2995,14714
250,8001
8748,2647
8138,10975
8707,13014
2673,10056
2733,7298
5804,3625
3612,10877
2433,17471
10431,4174
2843,4804
7946,13381
7705,5636
2256,8066
5254,7646
9906,10368
3585,3943
2144,4823
3926,13882
5271,3597
9773,10539
10304,6377
7171,4804
9972,3573
5749,5298
9751,3898
8027,14781
4494,15544
8048,4804
6994,4307
1276,4823
9797,7408
10533,7229
4422,15147
1652,1965
6539,5678
3924,6628
7741,11468
183,9663
6123,13731
7776,3943
5205,10262
10254,14781
2021,9314
5321,7229
6436,7832
6997,10031
6008,8452
5608,7202
2060,14231
2717,3625
7267,11627
9799,3597
5053,10844
7514,10624
5252,10262
1361,6386
10315,10844
770,15554
3152,12347
10296,16736
3688,13014
5225,6171
6003,13014
10170,14714
3420,11222
5487,16289
9342,7438
5430,3943
2370,14151
633,5198
3167,8040
9856,12646
2041,12373
9862,12681
1517,7341
3752,8073
8057,3943
9852,12080
1678,9663
2943,15129
1918,26890
5295,12898
1986,3540
4590,4804
1729,6069
5114,10791
2539,13029
7263,4804
1621,4319
8352,10671
4812,4049
2633,21829
6106,6442
2851,10262
9002,3311
8017,3597
4424,7054
529,5201
8687,6216
1720,6208
6058,8996
8108,15129
797,6943
8320,10261
8833,7503
10682,11753
4341,9483
1126,4649
6910,4649
10441,12284
3979,11386
10662,12352
2792,5198
7567,14151
2120,14714
564,10539
8448,3841
5085,6478
829,8452
1888,7064
7823,1965
9330,11761
869,7280
10661,8372
1189,15554
312,9899
10182,23677
1085,7174
6135,13014
6002,8656
6065,5769
2297,5224
7197,13377
4018,14973
10285,12723
5291,13029
1860,13941
1802,6069
2061,6838
2722,5678
9314,14231
6294,13587
153,14781
7185,15129
3779,13339
4014,4937
3739,4878
1912,6393
8182,8114
3128,3597
5673,14629
9622,13292
6295,13474
4441,3943
3516,12324
2610,5769
7148,6138
1036,7932
7336,8586
1932,13587
4899,7252
7158,12402
7534,10262
8059,8147
7962,6117
5359,10919
2190,11999
3221,4226
8363,6979
8518,10262
3000,5117
6460,16079
7902,26890
8556,15136
2632,4807
10252,6216
6134,10262
2634,5403
4493,4174
3422,7608
5526,12032
9763,4174
4538,10924
4017,4957
597,25139
1202,13817
146,15318
9290,4050
7704,3943
6898,9653
5881,10262
10295,4409
5869,4423
4811,13067
688,3670
3349,5621
5355,12373
5055,6961
1989,8016
918,13014
4671,3573
1132,5647
5255,7480
1893,3749
8935,14781
6025,11507
9872,13062
4412,13029
4824,12373
1910,6297
10108,6017
3806,7740
10280,6785
2651,4423
9426,18286
5433,5613
4874,3384
10528,8513
7360,4174
5495,4804
8151,8610
3760,3841
1106,13044
8442,7832
4575,6810
3894,14571
3641,8073
1134,6818
3276,9646
4966,3384
7417,2227
124,3540
10047,5277
4836,9314
5443,8040
10509,9564
6057,10262
7179,13339
1136,6358
9939,12898
2591,22270
6527,7673
2888,4995
4362,10991
5350,4487
7247,3543
9179,3625
4687,15135
1681,14714
7241,4823
7291,14848
548,5048
2200,4995
6585,14781
4022,3419
2125,12819
9497,13587
4887,10262
7095,9663
3344,7215
171,8246
7777,13626
5797,8610
947,13941
1366,4174
3421,3850
5897,3971
5414,2753
5342,4423
3976,9021
9786,6795
5485,10844
2953,14571
9446,4409
4440,9001
8481,5021
8430,10875
4640,3603
9411,13062
1387,4106
8594,2017
5663,8479
909,4174
5288,8372
5048,14781
8215,7580
10251,9646
7914,14231
6474,17327
5083,7575
7159,12384
3467,11667
4595,1965
7716,10031
3177,8401
9571,5678
464,3873
7719,5769
391,6751
10530,6273
9976,4647
3727,6938
5300,3625
6363,3873
7743,13376
5960,5021
9337,10262
341,6795
2942,17261
3042,7229
4222,13727
1204,9416
4747,10844
7145,4107
4884,10953
5140,4174
3804,8614
8885,5746
1300,13587
10523,2437
6773,5228
10260,4483
97,6478
2825,4256
1782,17024
3351,4777
2508,3175
8387,3943
6926,7893
2011,6270
1620,7229
615,15554
104,6121
10544,10877
6684,13376
2568,11087
4130,5674
1609,6741
6095,8028
4179,12898
8569,12767
5658,3873
5113,14151
6468,4878
7772,10368
9392,6094
10112,15129
5806,9794
1889,18371
6800,4649
392,8669
5741,3257
8115,9001
10012,5277
4410,6961
10641,7295
6645,7514
7180,14714
5581,5176
4369,13759
9830,6442
2601,15187
7524,15237
8543,10844
9496,17493
8608,7155
9990,15318
4517,10844
6522,7202
4307,8891
9381,8528
1849,4030
10210,6535
10225,6902
8482,8040
3016,13731
10487,10877
7771,10844
8867,7318
1505,9646
8998,13067
1404,2754
773,6795
671,7888
10192,6373
354,6540
5884,7695
9080,4878
9893,2227
3944,3311
9089,10877
3809,4804
6254,10348
3265,9296
9470,6593
8660,8529
5451,15058
387,1965
4838,12192
943,12898
2386,4049
4457,5678
2869,5198
3886,16497
10518,9416
2411,11134
1177,9663
1907,8372
3807,8854
9035,5403
9199,10262
2243,12121
3278,14714
8014,10262
6382,6232
10442,4544
7538,12803
1649,5842
6897,13399
5239,4050
4981,5224
9307,3573
4407,6297
8949,13377
6528,4823
3199,4995
1101,14178
5672,12192
6780,12121
8313,2754
7621,8576
3833,11678
199,12537
9967,10929
8453,5241
8854,4082
9012,7648
1646,13555
7676,8728
8236,8366
10051,10336
3975,12121
707,13941
5752,5842
5771,12284
10351,22294
6220,3841
3838,2227
5692,6979
3651,6297
9280,7757
60,8366
1187,4995
8567,6442
10477,4823
4211,9653
9339,5228
6080,4778
9664,7870
10106,8085
1968,8603
3576,4563
10587,6148
604,13376
3340,10844
10454,8366
2652,17234
6983,6094
9469,8476
2986,5769
10521,4804
4340,3898
3855,7229
9703,13748
305,12242
2565,14120
1262,7384
9236,6038
433,5198
9231,4647
8423,11399
2305,13033
2840,10197
1192,5601
5828,6493
384,12524
8550,8372
11,4174
1377,6412
5910,10919
9966,13591
4288,11702
9077,8016
10575,7064
5645,8372
4167,14848
5948,11789
3791,14781
2794,15029
6641,9134
4453,11982
5635,3898
2197,12537
8416,12760
10622,14960
3341,7480
10447,4957
2023,8372
1348,12392
1213,7480
6992,16704
814,3419
2863,5684
3125,4460
2624,5613
8190,10262
10215,7503
9689,22270
8579,4409
537,7298
7313,14781
8042,10262
6444,10493
1456,14815
966,10493
5751,5409
6710,5406
161,4777
9958,8937
336,9483
48,6117
6571,3873
187,10539
3893,4668
7007,3971
3658,4823
2677,13014
7512,13797
1951,13029
6701,10203
5218,6937
10425,4409
2860,10861
5217,7229
996,10844
1843,13377
3277,4050
7094,7845
145,10844
2790,5678
944,3419
5008,4823
3724,6818
865,9347
9218,12121
1916,4319
8209,14067
3234,6013
445,4823
9244,13941
10557,5769
9168,7354
270,14781
201,6961
4729,11264
5370,6961
3635,7832
1226,10203
10501,6442
2882,9663
8930,8907
6939,14714
8353,10178
901,12373
2710,4391
10669,9929
9746,12704
2369,4145
7974,4995
4088,7851
7834,2050
3531,4319
8286,4622
1848,7258
6389,11841
3299,9134
8937,19685
6241,7931
3241,8355
114,5281
7735,3419
5344,3971
4840,4744
3360,5054
1170,13044
100,14781
4154,4145
7088,13029
7789,3943
5900,10844
7085,4462
1244,8452
1796,5755
2675,5277
9217,7171
5657,16108
9587,4282
6393,14151
6896,16079
5292,7640
1299,6442
2752,14388
7708,13727
5709,5678
1761,11841
8493,16289
3676,8372
4332,8366
5341,6857
3943,12681
2418,5170
8004,17261
2777,11491
3628,4823
8287,15129
5759,8372
6147,3100
6451,14571
3398,4804
9053,18909
4624,13555
4601,5069
10132,10262
5767,9314
6152,6094
9111,12395
9715,52285
1371,8073
6318,6627
7081,18253
3691,12942
1221,6245
3228,13014
9045,6769
8530,15129
985,7485
5129,10262
9702,7174
8176,10441
1324,4544
9643,4319
5777,6094
351,6496
8393,4777
3698,14851
7881,17229
2278,4030
1682,10919
3441,15147
1417,9977
7209,8586
4144,13727
8143,14571
9202,5264
4110,6442
6531,4804
6061,10529
2822,13007
1581,6093
10556,12242
1973,12725
6191,5510
10590,3383
8954,2753
8710,10844
3342,4823
2649,4377
5721,7229
5440,5073
5306,3943
2035,8366
10402,9899
8335,10262
1364,4591
40,9646
8869,9416
5538,11789
9620,10262
5368,3943
3236,12557
9978,13376
677,13292
7231,4990
1633,8266
1636,4483
158,10844
520,8899
3293,3898
886,10262
7084,4591
8685,9103
7699,12732
7869,10231
5102,4423
3918,3873
4904,8844
4320,7888
10000,8475
329,6197
5253,14714
1027,4823
8625,9029
2599,13727
4094,5947
6603,6751
1790,2754
5678,14848
3656,8366
9881,10877
1463,8016
2946,14714
8600,4565
4707,4823
308,11753
9913,10408
1380,9941
1048,7064
4997,5192
8410,5621
1473,3850
2641,7711
5569,10577
6122,7189
10494,5000
8200,11841
8667,11201
9047,4995
2945,6218
7223,14151
2095,7412
163,6442
7701,7303
5684,4563
1735,5232
2349,10118
2799,6442
4954,5277
8865,9794
1075,13941
6552,15603
9918,8855
4089,12284
6409,2050
2126,5052
5772,14714
4377,8085
7906,13990
5005,3873
804,8028
975,26890
10124,10197
3908,8066
10615,7229
4960,10697
109,15129
9263,4649
2158,3205
6195,3625
9699,4963
4536,3841
1257,13542
7010,8366
9601,4049
4862,5198
9416,13029
1976,3850
8312,5170
10613,8016
5632,10262
9472,9345
8678,9526
5197,5192
5283,3597
6310,6206
6714,8040
2980,10991
1298,6069
4256,6896
4451,8323
5639,8273
5098,3847
9831,7229
776,6216
1321,12865
9898,6171
9695,5177
6759,14714
8918,8907
1801,5583
10571,14897
956,12373
3889,3100
2066,12192
9249,10885
9861,7050
7187,10844
8942,3543
4391,3419
4985,18550
5496,6901
6964,9274
4153,8018
512,7832
3609,8452
695,7514
9816,14714
5589,14714
2396,16079
1278,8452
8675,3687
9000,10368
5416,9646
492,14641
6918,3925
10486,8372
4721,12692
835,10844
1909,8016
9001,4273
1311,14178
8213,12373
5465,13376
3497,3625
7329,11664
7300,10262
3197,10844
6640,19360
6330,10844
6298,8586
5463,5158
132,6216
5591,7832
8961,13882
4866,7255
6854,5746
7212,8055
5613,13469
9853,4423
5040,8085
7679,4050
1334,3597
983,5510
3304,11003
10408,6982
3063,13377
2577,15113
2001,7229
9340,19225
8521,5636
1415,16736
230,14641
7565,4937
7706,4268
1567,7480
9578,10368
7176,6628
7551,10975
3961,13941
4704,6587
1345,8361
10579,17057
8036,8283
6547,11087
55,14231
4355,2227
3633,8541
3717,15129
9588,13292
3549,3841
7334,5678
3254,12192
5068,14053
1875,12373
1031,2228
7520,4282
9466,5000
610,4991
1798,6643
6688,10368
891,13712
2040,8341
8781,11642
8944,15554
5512,3841
294,4804
2789,4804
2253,2017
9318,3943
133,4804
8230,6297
5162,21730
10191,7757
4287,11942
2490,7229
8391,8996
130,5932
4348,5224
352,4804
7271,5678
5536,6482
1389,15129
8774,6171
9125,2071
5832,3543
2686,16736
859,8586
1282,4823
3614,17732
5885,12723
9782,13994
3790,16914
5067,7832
4238,9187
5548,6076
4541,13843
2359,12646
9034,14714
1701,14781
1268,11455
8045,5678
6817,8073
6455,8759
9909,6674
10519,3841
6613,7229
6544,4282
6778,12677
9268,7770
7024,4148
5570,8040
2240,10203
4842,15029
2665,12373
6913,6121
1292,4804
5314,15554
2290,6513
6553,4174
8038,10844
524,7832
4049,9719
8214,7005
4145,8614
4371,4944
5246,10368
6021,3943
8463,6442
7639,6628
5390,7670
5689,7229
9693,6171
7574,14441
2338,6316
21,6955
10434,10406
1169,6195
6936,5694
8276,7670
6280,6117
10515,5176
5509,13029
8477,7280
2562,13817
8536,25735
3121,11841
6272,15136
7638,8266
7042,3841
7016,10262
10334,6838
5515,6442
1832,6992
5876,14237
9104,11467
9864,3543
9370,15135
936,25735
626,10703
8766,5684
9205,12723
10227,12324
4593,11150
6605,27992
6819,13376
8555,6860
7101,18275
2950,15342
1664,14571
6345,15129
8476,14714
4042,5176
7742,4409
7456,16697
4271,14300
701,5228
494,5704
7199,14231
6270,4729
636,5406
7193,8586
489,10846
10428,12121
10444,14781
3158,3841
3842,14714
3992,9929
8357,7894
6708,4588
4801,11134
6163,7258
9771,7013
1756,10975
8702,10711
2099,36235
1982,10651
1306,4591
3301,8147
3474,14781
3010,13587
9964,13067
10247,5883
223,14323
9589,13764
13,9663
4531,9663
2573,9929
820,8016
5274,8849
86,5636
4471,2050
2437,5975
9781,9314
5043,6565
7721,4145
3176,10844
6341,7564
9844,4777
1754,7870
272,9929
5849,12395
2494,14053
197,10262
9227,16263
1577,13039
737,3873
1948,18275
9517,12723
3318,13587
4799,4423
9950,10151
9312,13941
539,4174
122,9663
2705,6218
7988,14571
9310,4729
9892,12173
1818,10262
5774,5198
84,10197
411,13044
10538,8586
9458,4409
2536,14848
8853,10203
9463,3807
8839,5769
8995,6827
7813,4804
10674,11087
4519,13817
1181,13067
5784,5406
5965,5510
4040,9358
3859,15078
7195,13067
7047,4174
7319,5458
8824,3807
2204,6442
7775,9794
2688,8879
4928,6818
1724,12284
6831,5644
1852,13587
6784,13817
235,4409
4435,12646
10038,6069
7969,4823
5261,2017
8291,11467
2334,7408
5933,10441
3597,11228
7922,6442
2056,2385
4659,14219
8007,12395
10424,11570
5437,3911
2428,4049
8254,11134
4950,4823
4428,4943
4382,10262
10312,3943
9729,8577
10010,4760
5659,6270
4839,1759
609,12373
10586,4544
7682,12692
7326,10844
9887,10231
2829,8565
7998,8759
4781,15147
1871,10031
3210,2227
10089,9663
8946,12692
10275,6860
3932,9794
6794,4174
7933,5022
9029,12358
10381,7353
2306,4174
9849,14714
5352,8586
3378,7438
3443,5755
2806,8452
5628,18581
4409,4049
6865,5397
8122,10873
4106,8610
9131,8016
1308,8266
6915,7452
5660,5911
7228,4544
819,8529
9148,6121
5902,19225
8680,10676
3480,4804
3115,3898
8587,15237
8231,11265
8470,27992
8280,15554
6213,4757
9684,7229
281,14042
9993,4667
7003,7229
7744,4077
2630,4804
812,13941
5025,16372
7604,12767
9331,14848
9185,11222
6658,9181
2639,4990
5460,3597
150,3873
9200,4030
899,14571
7535,13381
10506,12646
6689,11467
834,4148
863,12692
2747,9646
8692,3943
317,7198
7344,17261
10423,3943
5596,3943
6211,4226
6730,10151
5481,14781
2434,14781
6540,7670
505,3100
191,7165
7728,4544
8023,7662
1723,9663
1920,3943
3751,4107
9121,8907
10368,7045
6590,7832
4952,13364
7605,8777
9074,8098
6206,15113
6124,14151
3505,1965
1736,14714
6842,10067
9946,6152
4670,14871
1861,6451
9251,9663
9165,14924
5192,14151
5863,11546
9910,7198
3460,10991
8988,9836
9854,7618
3160,5201
8305,10697
5319,9508
2867,11789
9943,12723
1549,3597
5547,14330
3619,14781
6314,25735
10026,11134
1924,9663
606,10844
9633,7341
9604,5073
9791,11789
5706,4995
10137,10844
7350,7120
3138,4823
8593,11989
3559,6976
5447,13292
9289,4544
3490,5198
4107,3898
6060,3543
8043,13067
4389,12032
890,15147
7782,7229
6279,12358
2772,4332
2420,4409
823,10368
5410,13941
8084,10203
7436,3971
1096,9187
1378,3543
9651,5678
6448,10539
4311,8266
1931,9905
10338,18191
7501,4804
4548,10262
7953,10262
9936,3540
3141,5636
1936,15129
6011,6795
9529,4943
2342,13790
8725,7408
1374,14067
10240,13143
2076,14571
4168,13611
6723,12373
2002,4353
6760,6093
9352,8378
1320,4775
7818,7082
3454,3841
2623,18293
3905,10262
6566,6104
7331,9417
5432,12681
1178,4462
8721,9314
10654,4319
3981,13843
7285,3841
815,3943
9191,10368
3416,10152
6066,9042
2530,4409
1629,31783
1503,3597
2363,11096
2269,4823
432,12639
1011,2017
4580,10953
8436,13381
1990,2437
10017,8018
1110,8475
3217,7064
5667,14714
2079,14752
1252,11622
4358,9397
3297,13591
2542,14714
6740,10782
10473,11148
3743,5201
1448,12927
10539,11432
5919,12029
10642,11222
7327,7174
7627,10203
8419,7934
2845,10368
9701,11200
5276,4878
7940,3838
4810,13007
2164,9258
5790,4148
2350,10262
6297,15129
9040,10703
4134,5740
182,13727
8401,6860
8860,14388
1290,4441
3654,4049
3734,16079
4146,7363
8472,9134
4957,8016
4705,8728
9889,5645
10420,8656
232,10191
5563,4823
5079,10844
285,7308
10014,4226
3374,7438
2612,13044
5516,11762
371,5192
5373,9586
5127,8040
6761,5307
1774,6093
3912,14151
8156,3943
8343,5964
5803,4944
7482,13941
8730,9103
7342,12373
4790,17471
10075,14781
4023,13344
4284,17501
9010,4483
5588,10844
1846,16736
8409,12819
2974,3873
6787,13759
2382,9187
7542,6144
6655,17261
5311,9794
7330,8073
7295,6442
9119,3383
8222,12373
1122,8016
2838,11467
10211,8355
1475,7229
3808,7682
4408,10844
9928,12373
6127,11467
1108,10262
8850,6451
8819,15129
8408,10844
844,3625
2280,11050
7819,6300
2841,17261
4998,7268
6697,11401
10365,5613
9238,11911
7371,4148
757,10031
6554,6144
2647,12534
26,8238
10216,9748
7190,3807
1141,5963
1687,6686
6824,8586
4232,5883
5275,9899
5166,7010
463,7648
2250,13759
7341,4823
6905,7211
8269,4174
6463,10262
7491,4226
2248,7178
628,27210
5795,9564
5685,4784
9216,13292
5145,10844
8260,10929
5348,6121
8407,11423
24,7757
734,4995
5477,7295
5799,4823
7217,11732
9110,12819
6973,15187
573,11134
8959,3847
6117,4823
992,8291
3088,11972
9132,4804
4298,10844
5729,12373
2864,14714
3271,5201
5827,3100
7427,9476
2456,10539
3008,5975
5931,3383
10244,13941
5408,13817
4470,15288
4807,5797
3045,6106
10644,10877
849,6451
2068,6722
1553,10262
3432,4878
5638,12557
1560,6688
9724,4823
2468,13542
2776,10929
288,12898
3151,13029
6308,8529
7792,12257
7693,7198
1267,6795
8901,6412
9210,13014
7672,7690
4767,4392
4911,4259
4600,10262
2835,6093
7138,6303
5489,11269
9876,9663
3844,10197
2844,4439
10355,2437
2970,12898
9544,12898
2209,6057
4644,6785
762,10791
8745,3100
5973,9968
8855,13276
2543,11213
155,10697
206,7048
8100,10368
10548,9863
777,3359
1521,13611
7696,15107
8145,8040
5361,3543
5686,4823
9753,10844
5994,9397
3643,3419
4556,7563
2497,11003
2123,8576
903,10262
3020,8855
9523,13364
7936,5699
9916,8529
555,8610
1552,8855
10020,9653
1491,4544
5158,7480
4653,7662
2731,9794
4180,12524
4258,19225
8329,5224
2321,10573
915,10262
8206,14323
6051,6818
3307,10262
2784,14053
4276,4544
5723,7303
2932,5911
2247,5409
6482,2754
1444,16079
3966,9653
1943,8273
3677,5515
2258,12284
2013,13180
6986,13376
3395,2754
502,12373
8378,7064
2854,4804
8990,23528
6857,7298
8403,13377
4062,21226
8694,6860
258,14714
8278,13817
7100,13616
1704,6860
3408,3815
7005,6818
1962,14871
9824,4651
5629,5224
6670,15129
7450,4423
9890,14714
6406,5607
5553,9663
10347,10577
8783,4878
8169,6152
2951,5678
6344,4282
98,8040
4063,10577
9489,3419
2621,13817
5580,6416
7087,12032
3157,16294
6738,4544
9645,8040
2480,14714
3706,10808
7492,12373
963,10368
954,12898
5066,6781
6226,4282
6965,12192
10271,12681
8368,13292
7981,7255
588,16704
151,9270
8382,7725
5554,5842
1343,10262
2295,13504
6410,12127
8366,9416
4185,15809
7856,12898
2050,3873
10411,13082
3872,15136
10372,4804
6380,5554
9669,8452
4940,19266
1329,18804
4325,7997
3269,9495
4116,12392
7941,14388
9471,7648
4431,15318
8336,3210
2129,3873
1914,14781
1999,14781
699,16263
2730,10661
8586,6093
3784,3873
7293,9134
5654,5769
6037,3859
6618,10262
1707,4174
8618,13731
8086,13401
6494,11518
10111,3919
3792,4544
3290,10021
6515,6628
6007,10844
1961,4030
8616,2017
482,6643
1930,13376
7629,13941
873,11467
5186,13797
3851,20904
1164,6297
9572,11924
9543,6216
534,12384
4527,12819
423,6906
1124,10529
4613,6356
1287,7005
9884,10262
10162,7303
7541,10844
1725,7480
2008,19225
10341,10844
7216,9187
10239,13994
10380,7222
4826,5947
3762,3597
7038,9646
3589,3100
69,6297
1353,20999
8599,6094
6102,14441
4081,6674
4347,11297
4349,4823
3324,8610
3093,6316
2387,6795
9098,9663
3367,14151
5441,4326
9877,19225
6772,11087
3568,14960
978,9187
9085,3841
10062,18804
727,5963
8300,7202
1060,12373
5450,5198
6155,5403
54,4483
4497,6451
2151,5726
10036,8586
9728,6478
2739,10844
6777,9166
3145,10844
3904,2017
7942,10824
7454,7670
10325,4945
2780,4384
7669,5725
8836,4823
6728,5601
8326,3311
6623,6838
4583,10678
1135,13643
4793,16289
6172,11421
2441,4049
3047,15812
596,7139
7033,5647
1234,15554
2646,11467
528,3398
2380,7354
4816,10208
9834,14408
332,4239
10635,14714
6579,10067
2329,14300
361,4781
475,7378
7499,3782
9707,12898
6110,13941
10176,6442
4065,6860
8240,7229
8581,2017
2073,8586
3242,8016
6173,12284
2690,8137
7175,13899
4217,3943
3840,15704
5169,7229
5733,7229
10666,10262
7994,14714
5989,7900
10582,9663
4484,9663
7745,13067
4035,2754
5669,4804
2744,14388
6081,16289
3174,13217
1476,16079
9272,6015
3193,3873
787,15353
5196,14781
3399,4545
3638,17267
3552,13941
5842,4030
1960,7229
2819,8839
5860,3858
7379,9663
9524,13377
4818,5438
6296,3384
7598,4804
6767,8582
912,4804
1967,12384
7415,11134
1066,3807
1705,6953
8232,11972
2695,10844
194,11087
8196,4804
6144,4174
3302,3873
3863,8925
949,10844
1061,10231
2715,6017
10303,6386
1773,7229
1834,14924
3866,4778
4175,8839
1312,13376
4959,12692
2220,6297
4253,6794
7130,7662
7913,13817
1647,5135
4067,12242
8606,13377
10103,4823
9003,15136
9324,14714
753,8582
9951,12273
3819,13882
8110,8040
422,5678
1035,13381
7798,11467
2136,12192
2193,14431
4228,9838
1356,10844
1403,3702
2339,15554
5687,3687
1800,11134
1375,4804
5498,5403
6920,8586
6925,7932
9124,4107
8648,6442
7783,3898
1081,10262
2390,4804
7937,5088
3599,8855
5990,5678
3891,8853
5017,3971
10466,12767
3532,10262
2000,7335
2442,5192
7868,7295
10013,8372
7043,13014
10344,10844
10628,8224
2774,14151
7147,10529
477,10844
803,9796
2397,6015
6722,14781
5674,4823
3357,15078
7838,3841
516,3687
2934,7530
7562,13587
5668,4804
10172,7640
10289,9345
2808,3342
5928,11432
4326,5117
3802,8505
1341,23533
8662,4804
3625,9316
4647,13014
7753,6117
8114,7888
1596,7189
1955,4174
419,16289
2929,11664
6098,3841
2435,14571
4229,4775
3358,2017
3031,14571
4419,7229
10610,3597
9146,7648
1273,6416
8609,13377
7503,6117
9963,11543
1580,1965
372,4823
3186,7893
10241,13069
10392,15339
9557,10262
2080,11542
1256,14151
8058,4284
3871,3919
8248,12515
5604,6442
9708,7229
6442,13292
4728,4174
1879,13014
7833,8016
569,4050
7899,8224
10083,6104
1363,4435
7642,6223
6832,19681
4328,6795
3704,9663
8572,13587
6963,4226
2358,8574
7186,6961
802,7927
6287,5403
640,14781
768,9345
3565,10262
10007,6195
6096,2754
7286,7480
8596,6794
10377,8119
2106,7845
5623,10441
10514,5883
584,5678
6589,6195
9814,6206
2795,10909
1283,10577
7991,16376
9173,13882
10123,3419
9393,5176
3741,10844
6031,3815
8405,7933
2746,16840
7912,10368
4472,4842
4351,7480
9405,7530
2372,8099
8172,10623
4819,4107
4131,13029
8054,6121
9320,3841
6398,13727
9917,13376
4973,12681
8074,10112
783,6938
5094,10262
5601,4482
2580,10844
3683,6069
6262,6961
1590,2017
4385,17261
2384,10413
7533,4823
5330,15149
5593,10953
5968,13253
401,13292
9531,15129
3682,5224
9298,5989
3986,3100
8085,4049
6704,5644
5449,16736
556,6216
9348,7657
10143,3898
10468,3625
10550,4384
3085,2470
652,19225
4417,10262
10357,14151
9300,4544
5785,9564
9694,4423
289,12778
5418,13261
5080,8216
6331,6795
3226,4804
6466,12373
1469,14151
10079,14848
6185,10844
7784,14714
7464,5224
9919,14781
8238,15129
6357,9861
7207,4030
9358,10844
6587,8907
660,11822
44,13062
5576,9417
2146,12649
4616,3943
1892,18275
4701,10786
4686,16274
9541,9412
2368,8907
2674,10539
2378,11134
3225,11200
437,6741
3818,10262
6748,12698
9016,3873
8339,11087
560,8586
7955,4441
2112,8355
10175,6093
2708,13994
1985,9314
2871,8820
4689,9483
6815,8891
5175,14871
7245,12192
7419,9646
322,3841
4473,6643
1867,15078
5549,4622
8723,4823
5469,5823
3183,15894
7961,5277
1053,5054
9234,8055
8908,7832
4986,8610
5090,11269
1033,15136
3775,9663
6450,6741
1890,13591
5836,14629
3231,4239
922,3815
7489,7652
1229,9779
10495,18736
5148,9929
618,6181
1425,9502
9940,4632
7396,15554
6116,14676
959,26890
867,5678
1733,12395
2326,3100
8309,6093
2091,6094
8584,9134
2401,11538
3832,12898
7687,7564
3237,13875
8818,5386
4020,5224
10220,7229
4248,4804
5707,7408
73,12819
2044,4777
9126,12373
3623,7081
10361,3673
3111,27992
17,10262
729,7681
3040,10262
9480,9069
7568,14714
3667,16352
6480,5678
2545,3873
9399,13759
5801,16079
3624,10262
5934,5073
4159,17024
8289,11667
4679,8626
7655,9646
5298,4174
5137,13067
7,22270
10061,15129
8051,11647
8281,6692
452,15339
8136,3858
3462,7480
1814,10262
4486,3100
9068,9653
8925,13941
9328,5752
8029,10031
6383,6496
1024,15129
976,13817
5407,13067
7194,6245
1062,7318
1384,6795
1750,14151
10437,13377
5572,7229
6788,3943
7475,10844
6535,4049
661,6017
7821,3943
4909,11005
6239,11087
438,6481
10310,3687
2548,16704
8106,4668
4392,6528
3485,10667
6263,6206
1751,12898
3195,6681
1667,13376
7430,5618
8031,3502
6224,8851
7351,46490
9945,4823
3262,2227
2277,14151
9868,12898
7422,15129
8483,10454
10660,4878
7901,9134
7944,14714
521,5583
1098,14781
3581,10262
41,8714
2518,13029
8262,3873
4929,11543
1845,8016
5375,13882
4224,10262
8691,7618
8647,3540
4756,3807
10084,3943
28,4668
8919,8767
8621,21314
3401,12647
7356,29528
7702,10991
10110,7564
5364,11410
8964,12547
2547,13067
7539,8529
2968,13348
5794,10262
2653,8295
1573,6902
2070,7408
3500,4823
4016,9314
8515,2017
4757,14714
3389,8603
5627,3809
7065,6015
7283,15129
8938,10203
989,12557
7490,7229
6022,4332
3494,4544
9230,15764
9130,15129
8485,5228
6457,3100
7218,3841
4943,3384
7107,9416
4791,7531
10052,31945
1787,3943
10327,3841
82,13941
4492,4483
3801,12192
3605,14300
6414,8456
7110,4239
1762,19332
4539,6934
9565,4174
3860,7870
2798,8781
9260,11467
6321,17135
5269,12717
10350,7662
1559,5351
2374,12734
4568,7298
7615,6795
1168,9806
7843,11598
7401,12395
2817,3919
6029,13292
5793,12312
6258,3100
8895,8366
7584,7832
1993,7408
2917,3625
3822,4591
7596,4544
5524,7740
9486,10844
9451,4030
5970,4488
9412,12898
1067,20064
3303,14571
7878,7832
1611,13381
4917,5583
857,5694
8220,10262
2149,4423
8128,12898
843,3943
2170,4959
9075,7952
8549,7198
1878,4804
9556,21934
5110,11087
1422,4544
2837,12242
2726,5054
2300,13033
972,10112
10627,10844
1025,10231
3573,3807
703,8872
6861,3419
2047,7408
10166,7408
9064,7038
4240,13587
7451,8839
2670,6103
5009,10203
6161,6111
984,17261
434,4878
5264,5298
8495,4823
6045,3543
4524,10262
571,4957
8551,7308
8502,7664
4513,5224
1721,11161
8823,4878
4420,14960
1940,6442
3116,3847
5923,13542
208,10844
421,10844
9646,13584
2510,4423
6202,7005
1742,13377
616,4804
5705,7662
6799,6540
7909,12739
3993,5642
4187,18804
5597,6151
6517,4148
10174,12767
5377,5192
3637,9663
4172,6794
2898,4804
4350,14871
7292,1965
3312,14914
6681,10262
1238,13377
4199,8452
1906,12314
6949,6795
7312,7640
9467,5403
5618,5999
2402,8146
8021,4804
10526,10368
1548,4649
6732,6147
4845,2575
455,10441
6810,4462
6875,2227
5503,12192
255,3173
923,6535
9981,9627
5135,18371
1854,7064
4509,3540
7617,34503
7793,15129
1610,10844
1668,11087
5116,6587
1185,10444
6946,4804
7117,15058
1881,3873
6633,6094
9885,11201
2745,4148
2606,10861
3830,16274
5340,7594
8082,10406
2316,6144
8229,10654
4982,4804
2918,10262
9145,4804
2362,5135
950,11600
162,7662
6600,15135
6678,7670
2728,12373
7337,11087
3884,10844
4643,13244
7893,12102
7253,4282
2852,15434
8879,4148
9347,4148
4806,2050
5436,15129
2135,12898
9683,12778
5953,11664
557,6961
1411,9694
2758,3597
4828,9663
302,5216
10095,5403
7142,4423
7156,14388
1166,14388
9256,8907
4782,9345
6307,5171
5786,10368
5957,6795
7203,4725
896,11134
7338,4823
9619,12173
2981,3311
4209,9646
5425,5277
3165,9345
6856,7486
10614,15147
2569,4804
1255,13941
2797,10262
3373,13731
5775,14781
1258,6558
4210,3175
6937,12898
10193,13376
4667,11668
3587,7294
3069,6253
697,3858
3737,4409
301,4668
7885,10031
5149,14714
3050,7354
205,7229
10019,11507
10342,3873
324,14781
269,13502
2074,7155
6807,13941
659,4668
10261,11627
3080,6885
8444,12373
1439,5054
6721,5963
5815,4990
2814,13387
5324,10844
6423,13587
2272,14960
8789,4544
933,10657
5279,5281
4570,14151
1799,9845
296,7832
10446,3858
7289,9709
7709,4174
10188,5678
9043,13033
8646,14871
10021,4160
8237,10697
5030,5411
3607,5699
8370,4423
4648,20416
9322,4804
1752,12373
2546,12537
7281,6314
9712,9314
1988,15147
558,10703
2429,13584
10461,4804
3178,3873
1811,6094
10074,3841
9432,11410
9869,8603
654,2754
409,8266
7590,6162
1614,12719
51,12121
5380,10844
1331,6565
7453,12819
10562,8452
5001,16338
2594,10877
2237,4823
6145,7738
4660,3841
7053,6732
4137,3100
3382,5883
5838,15419
6586,9870
8527,6121
2597,7064
9605,6069
8061,3342
8607,12898
855,3943
4846,11087
4628,10262
6076,10844
7805,10844
7309,12384
8350,8355
8153,10703
10205,8033
5038,8001
5942,16172
2176,13994
9171,15129
769,8085
1201,9646
3142,8586
1857,4107
277,8224
10197,4392
8913,6812
9442,10236
2181,10368
181,5678
6315,13882
5174,6205
5213,4823
6743,6681
7184,13377
1398,5228
2824,2071
4622,10861
25,13292
7763,4649
5986,28322
8053,12192
6440,5006
2581,15676
5336,13376
709,4878
2760,14714
7589,10368
3951,14178
6218,17261
3812,4729
5234,15058
9891,12646
2096,10441
6431,10844
6507,13859
4434,3175
3513,12681
2354,7005
2048,3943
9233,4145
2024,11848
6472,9315
4315,11789
1447,13941
2279,4226
8073,4804
4183,5135
6911,4668
5615,5636
6520,5198
5461,4483
4488,5678
5486,8372
3876,13039
9568,8586
7588,6528
4529,7229
1184,3419
910,11972
9597,4885
2873,8085
2682,7438
3077,11622
9984,3841
8311,4544
9502,4823
689,4823
4335,16863
7889,3807
10253,9564
6169,14815
2827,3782
10405,3543
9304,6838
6753,4508
7169,4959
8330,4804
5738,23843
5301,3419
7114,7064
868,10844
8035,14714
3056,4823
8277,8073
585,6442
6284,10791
9440,8372
878,3815
9692,5567
7411,4668
395,3919
9326,16840
3393,16289
1032,8018
9197,4148
5328,16289
8699,6297
8015,4668
6659,11087
10177,4030
2446,2647
1813,16079
5671,8371
6041,3597
6703,5769
8975,4668
1493,16079
4867,14486
7921,14486
2438,8535
10376,3383
9439,6741
7521,14508
7369,13731
4313,10262
5821,12284
4337,8434
6004,6442
6053,6316
2526,3573
2661,15129
5384,8330
2196,7354
9843,11134
6381,6377
275,2754
4214,3543
5981,4282
1193,7787
7836,4049
491,5177
3368,4423
4718,9845
9140,12609
9848,17135
3487,12488
9552,7276
3748,11999
4436,7893
6980,8065
6422,13882
2783,19225
5173,3943
7157,16108
5422,4937
4425,4082
6636,4077
8310,15129
8195,10151
5651,8586
10655,5678
5809,8586
2141,4995
2805,3687
4155,4784
7570,11982
10113,26890
929,3943
8733,4482
9960,6104
6666,8307
7067,10844
5742,1965
5310,8892
137,10441
8224,7005
990,15965
10553,12373
2972,2017
2877,4544
4142,20694
2116,7006
4945,12819
8657,5989
6719,8016
3879,4804
3923,6482
8727,3841
3540,10368
2567,7878
4850,4990
1401,14781
2294,7318
10163,8021
8645,7787
1866,13381
5872,11411
831,9627
888,15149
9431,10262
3503,9205
5769,13029
220,5911
9807,14214
7956,3543
7381,13628
2281,6961
9419,9794
5089,5058
10314,4859
10264,2754
5354,3210
9522,4409
2006,7927
9046,5192
4450,12373
8174,6643
7850,4384
5464,6010
5376,8781
1776,6296
85,13712
2866,4435
8163,17057
5032,3858
3757,3925
5231,4174
1120,3100
6253,6151
5708,5678
1088,13014
1159,12717
5890,9254
9178,4777
1117,3383
9143,4049
7896,7480
1925,14571
8435,7354
7385,3858
2578,10529
9506,3205
8388,12576
5695,12373
3803,9663
1587,7229
10313,14714
3789,5403
9019,31825
9579,13626
9033,12898
415,11105
8460,4991
3548,6943
5874,7229
5431,3943
9765,10624
10605,6144
1882,6282
4652,3597
3898,5277
7918,14714
4306,4160
2830,6232
7288,4423
3037,3597
7200,1965
9704,9856
5210,2017
8624,4804
7519,1965
4662,12093
3665,13377
9397,12681
1104,11200
2656,7198
9532,10539
10069,10262
8295,6218
9212,4804
1522,11087
9850,6144
8649,3383
9823,4226
8179,3943
1778,4284
612,10262
2879,7229
924,17234
4445,9404
9386,5510
7349,13547
5603,4226
546,10262
5502,11507
7404,4460
8359,7575
1858,5894
627,13817
9270,10368
7861,4174
10023,5678
2086,15554
7258,17057
3261,4823
67,3625
6204,3687
5086,2385
7698,7064
4606,3383
5136,23267
10270,13067
5108,7198
2905,3625
2734,7648
2475,4804
1051,12192
8773,14848
6309,7438
6250,2017
2058,10262
442,6347
3681,15554
6656,3543
8623,2470
3955,13759
9820,8586
7879,11516
4551,4804
7023,4050
4068,3841
8121,10262
5865,8016
2966,17261
5312,4423
10213,12102
6322,15554
7580,15373
1565,13376
5714,6314
1095,10877
1666,4544
9169,12192
8837,2017
4046,14848
2089,7832
9288,9663
8717,12373
6630,4880
10573,9653
2645,3898
8033,14151
5930,4804
6802,5613
3456,8610
10022,14714
10369,4148
365,8425
2537,13555
3291,3597
1093,3210
3666,8837
6895,13941
425,14714
832,9103
6033,13376
4934,14571
5819,8586
5906,4205
3006,10262
10597,4544
10629,7905
817,7229
3355,11319
8966,14871
4955,13243
141,6686
4870,10262
6555,14781
4665,5438
3100,3943
5677,6758
5233,10486
1205,7229
874,6270
6735,13014
9769,7005
7903,8366
7488,5228
2467,5678
7875,11087
2185,8177
4971,4760
7664,13555
3733,3847
7046,19225
1251,8586
6908,5170
10370,11003
9057,13502
1734,5636
2081,7202
4921,4668
504,17024
3071,4773
2642,10262
383,8452
1532,6144
3831,4668
121,3100
4889,8610
5739,3597
5912,6540
5016,6593
3184,9103
9220,8064
619,9424
9214,15135
1385,4804
506,14053
4213,7155
10299,4804
5853,6094
6620,8052
3504,15554
6372,8025
7311,10008
4390,12284
4483,3100
6156,3841
8582,12308
2430,12373
2315,7740
5766,4804
366,9646
3631,13062
238,8855
8997,2759
6903,9663
1980,9397
7680,4174
10335,7229
8641,13587
6405,6494
2584,19595
389,16079
7359,4668
1274,3739
7122,7229
7907,8245
3107,6762
9553,7064
6421,10262
4055,8610
2984,8372
1651,8366
9387,6241
4070,10844
5616,15965
9160,11306
6149,9135
128,3943
6154,7832
10044,5613
2274,12173
3535,26092
4054,3625
5353,3100
9615,9663
10632,12692
2037,8452
2022,10454
4268,3419
8307,9920
7059,8066
7465,5198
10006,4145
6303,11118
6158,7229
472,6316
1058,12327
7644,7740
6871,4544
2889,7229
8838,8603
8827,10262
1305,4174
8252,5515
4715,9627
2299,9689
9761,3841
253,6601
2654,15864
9535,4409
3514,15129
4700,4885
514,8839
5926,16704
8729,10493
1013,10231
9865,14151
1128,10844
8418,5403
6575,9103
2810,4878
9054,12849
2353,7832
5424,4823
10099,12819
9870,13044
4261,10844
7006,7485
3415,9646
7720,4804
7801,14053
8905,17024
6332,14781
9640,13587
9717,10975
8413,4392
4720,7048
7391,10262
7364,4804
6313,14939
6887,14571
5356,15135
2162,12898
6711,3873
1215,11467
2459,7408
644,9187
8016,6610
5117,3687
8914,13292
6516,13584
6104,13067
8682,15129
2034,14300
10511,26480
7752,15629
2977,7450
8841,3625
9188,12373
9705,15170
8180,9443
6275,4729
1421,6961
4381,7485
5839,13484
6268,10368
2169,7229
3363,8728
7102,14482
5132,4990
1586,5073
7000,10441
5662,31825
1531,7229
1211,5726
7811,3100
7134,5298
8809,7480
1784,14219
3002,6442
4039,13067
5323,14388
3562,10588
1016,7303
9152,5277
8187,4174
5161,8586
9670,9314
1225,12284
10619,6307
5703,14462
7694,8669
961,9476
240,13555
10626,4340
10602,11228
2477,6442
2298,12692
2174,7205
10307,3841
1419,6755
1196,23583
2617,16079
1820,5403
5955,3809
7980,15428
8131,4160
3846,6741
5560,7480
4918,10262
9783,5073
8298,12219
1570,4409
8906,10368
8455,5883
2533,13538
9639,3597
3206,6493
5743,9100
1218,11543
6929,3574
4775,10844
5710,26890
6411,13377
10199,10844
5282,6838
2409,4878
5491,14151
821,13029
10527,7081
2729,2017
1337,4544
7382,7451
8426,4957
3550,2017
2416,8073
6248,5406
6119,19172
10490,6216
5765,14861
5106,9941
1042,8245
10119,6144
9899,4050
6138,3971
9291,9187
6377,15164
348,11542
8008,6528
9787,12681
2293,8603
601,4174
1239,14571
5247,7832
7152,7893
8259,4632
2476,10031
8658,4423
5511,4174
215,4995
10481,5351
10308,6528
2179,9483
8740,7530
2421,8541
5417,15554
3322,15135
8473,3100
7600,8586
7210,8586
9754,4077
9297,12739
9818,8016
9577,9340
10522,5177
1779,6558
813,4668
4097,8907
5241,2385
10546,8586
485,6482
9176,4878
2235,7155
2071,14189
4856,6979
6338,10262
7294,7485
2142,6496
4090,6386
9108,13727
9764,6216
9428,6216
6020,8073
7965,6795
842,10262
3642,4991
3770,14714
2803,9630
8479,2754
6291,3384
8620,8066
6379,12192
2988,4423
4411,3384
99,14300
7346,3384
5006,4483
1435,6916
8742,3419
786,13568
5042,15164
2702,9920
7952,3342
3294,21375
3239,5510
327,15353
2849,12142
4692,7888
5520,7229
2296,9646
2960,14714
4733,9653
772,17073
49,11150
1233,7064
3499,7615
8933,10262
8977,7191
2219,8366
7091,14714
9246,15339
3519,6442
8390,14781
4923,6985
3268,10919
4857,10493
5131,10262
3004,2227
2031,14388
10015,3597
5747,12173
2894,9627
7599,10031
7116,13941
7468,12609
8228,12767
4672,12497
4938,7229
5971,3841
4127,5117
1738,7258
1645,4823
476,4878
4974,4886
622,3971
10158,5192
3925,7452
6763,14571
260,3359
7975,5298
8105,15129
10290,12646
807,5228
7993,9103
8219,3873
9723,8330
9527,14571
9659,8784
350,4544
6945,15764
5081,13626
8380,6565
458,6534
1661,3625
165,12898
32,4423
4562,3841
3175,6637
6782,14388
7009,5678
3982,7191
6491,13587
3673,4668
2285,5277
864,8277
6953,6902
10426,6934
4900,6069
111,5780
1495,10408
6966,4804
5519,13377
9897,2017
10039,4667
1529,12692
6475,9481
2140,5780
3707,11446
1969,8603
5018,16289
8613,9653
3075,10703
5201,13381
3450,13029
6582,4050
5737,6961
635,4784
6242,5277
